Date	Vehicle No	Trip No	Package No	Is Duplicate	Created At
24/12/2025	TN39CV3261	1	6	No	2025-12-27T08:40:37.193Z
24/12/2025	TN39CV3261	1	22	No	2025-12-27T08:40:38.444Z
24/12/2025	TN39CV3261	1	05	No	2025-12-27T08:40:38.937Z
24/12/2025	TN39CV3261	1	03	No	2025-12-27T08:40:39.246Z
24/12/2025	TN39CV3261	1	01	No	2025-12-27T08:40:39.749Z
24/12/2025	TN39CV3261	1	103	No	2025-12-27T08:40:40.068Z
24/12/2025	TN39CV3261	1	99	No	2025-12-27T08:40:40.671Z
24/12/2025	TN39CV3261	1	98	No	2025-12-27T08:40:41.013Z
24/12/2025	TN39CV3261	1	02	No	2025-12-27T08:40:41.544Z
24/12/2025	TN39CV3261	1	13	No	2025-12-27T08:40:41.899Z
24/12/2025	TN39CV3261	1	16	No	2025-12-27T08:40:42.198Z
24/12/2025	TN39CV3261	1	20	No	2025-12-27T08:40:42.501Z
24/12/2025	TN39CV3261	1	18	No	2025-12-27T08:40:42.820Z
24/12/2025	TN39CV3261	1	15	No	2025-12-27T08:40:43.127Z
24/12/2025	TN39CV3261	1	07	No	2025-12-27T08:40:43.742Z
24/12/2025	TN39CV3261	1	11	No	2025-12-27T08:40:44.062Z
24/12/2025	TN39CV3261	1	21	No	2025-12-27T08:40:44.364Z
24/12/2025	TN39CV3261	1	10	No	2025-12-27T08:40:44.685Z
24/12/2025	TN39CV3261	1	08	No	2025-12-27T08:40:44.991Z
24/12/2025	TN39CV3261	1	09	No	2025-12-27T08:40:45.290Z
24/12/2025	TN39CV3261	1	04	No	2025-12-27T08:40:45.593Z
24/12/2025	TN39CV3261	1	25	No	2025-12-27T08:40:46.199Z
24/12/2025	TN39CV3261	1	24	No	2025-12-27T08:40:47.132Z
24/12/2025	TN39CV3261	1	19	No	2025-12-27T08:40:47.454Z
24/12/2025	TN39CV3261	1	23	No	2025-12-27T08:40:47.754Z
24/12/2025	TN39CV3261	1	12	No	2025-12-27T08:40:48.349Z
24/12/2025	TN39CV3261	1	14	No	2025-12-27T08:40:48.963Z
24/12/2025	TN39CV3261	1	17	No	2025-12-27T08:40:49.269Z
24/12/2025	TN39CV3261	2	85	No	2025-12-27T08:40:49.887Z
24/12/2025	TN39CV3261	2	79	No	2025-12-27T08:40:50.194Z
24/12/2025	TN39CV3261	2	90	No	2025-12-27T08:40:50.501Z
24/12/2025	TN39CV3261	2	83	No	2025-12-27T08:40:50.802Z
24/12/2025	TN39CV3261	2	80	No	2025-12-27T08:40:51.114Z
24/12/2025	TN39CV3261	2	27	No	2025-12-27T08:40:51.429Z
24/12/2025	TN39CV3261	2	89	No	2025-12-27T08:40:51.747Z
24/12/2025	TN39CV3261	2	28	No	2025-12-27T08:40:52.051Z
24/12/2025	TN39CV3261	2	35	No	2025-12-27T08:40:52.357Z
24/12/2025	TN39CV3261	2	60	No	2025-12-27T08:40:52.958Z
24/12/2025	TN39CV3261	2	34	No	2025-12-27T08:40:53.284Z
24/12/2025	TN39CV3261	2	82	No	2025-12-27T08:40:53.585Z
24/12/2025	TN39CV3261	2	38	No	2025-12-27T08:40:53.894Z
24/12/2025	TN39CV3261	2	58	No	2025-12-27T08:40:54.192Z
24/12/2025	TN39CV3261	2	31	No	2025-12-27T08:40:54.496Z
24/12/2025	TN39CV3261	2	54	No	2025-12-27T08:40:54.812Z
24/12/2025	TN39CV3261	2	81	No	2025-12-27T08:40:55.415Z
24/12/2025	TN39CV3261	2	61	No	2025-12-27T08:40:55.736Z
24/12/2025	TN39CV3261	2	78	No	2025-12-27T08:40:56.141Z
24/12/2025	TN39CV3261	2	57	No	2025-12-27T08:40:56.567Z
24/12/2025	TN39CV3261	2	84	No	2025-12-27T08:40:56.877Z
24/12/2025	TN39CV3261	2	62	No	2025-12-27T08:40:57.179Z
24/12/2025	TN39CV3261	2	49	No	2025-12-27T08:40:57.873Z
24/12/2025	TN39CV3261	2	59	No	2025-12-27T08:40:58.198Z
24/12/2025	TN39CV3261	2	52	No	2025-12-27T08:40:58.498Z
24/12/2025	TN39CV3261	2	30	No	2025-12-27T08:40:59.102Z
24/12/2025	TN39CV3261	2	39	No	2025-12-27T08:40:59.717Z
24/12/2025	TN39CV3261	2	67	No	2025-12-27T08:41:00.098Z
24/12/2025	TN39CV3261	2	47	No	2025-12-27T08:41:00.395Z
24/12/2025	TN39CV3261	2	64	No	2025-12-27T08:41:00.945Z
24/12/2025	TN39CV3261	2	26	No	2025-12-27T08:41:01.270Z
24/12/2025	TN39CV3261	2	86	No	2025-12-27T08:41:01.567Z
24/12/2025	TN39CV3261	2	72	No	2025-12-27T08:41:01.875Z
24/12/2025	TN39CV3261	2	65	No	2025-12-27T08:41:02.845Z
24/12/2025	TN39CV3261	2	48	No	2025-12-27T08:41:03.405Z
24/12/2025	TN39CV3261	2	66	No	2025-12-27T08:41:04.017Z
24/12/2025	TN39CV3261	2	53	No	2025-12-27T08:41:04.631Z
24/12/2025	TN39CV3261	2	87	No	2025-12-27T08:41:05.245Z
24/12/2025	TN39CV3261	2	50	No	2025-12-27T08:41:05.773Z
24/12/2025	TN39CV3261	2	63	No	2025-12-27T08:41:06.070Z
24/12/2025	TN39CV3261	2	32	No	2025-12-27T08:41:06.475Z
24/12/2025	TN39CV3261	2	77	No	2025-12-27T08:41:06.783Z
24/12/2025	TN39CV3261	2	88	No	2025-12-27T08:41:07.396Z
24/12/2025	TN39DA7698	1	726	No	2025-12-27T08:41:08.625Z
24/12/2025	TN39DA7698	1	705	No	2025-12-27T08:41:09.240Z
24/12/2025	TN39DA7698	1	725	No	2025-12-27T08:41:09.853Z
24/12/2025	TN39DA7698	1	703	No	2025-12-27T08:41:10.467Z
24/12/2025	TN39DA7698	1	728	No	2025-12-27T08:41:10.775Z
24/12/2025	TN39DA7698	1	654	No	2025-12-27T08:41:11.080Z
24/12/2025	TN39DA7698	1	727	No	2025-12-27T08:41:11.391Z
24/12/2025	TN39DA7698	1	33	No	2025-12-27T08:41:11.703Z
24/12/2025	TN39DA7698	1	782	No	2025-12-27T08:41:12.096Z
24/12/2025	TN39DA7698	1	69	No	2025-12-27T08:41:12.395Z
24/12/2025	TN39DA7698	1	781	No	2025-12-27T08:41:13.163Z
24/12/2025	TN39DA7698	1	71	No	2025-12-27T08:41:13.505Z
24/12/2025	TN39DA7698	1	76	No	2025-12-27T08:41:13.837Z
24/12/2025	TN39DA7698	1	73	No	2025-12-27T08:41:14.462Z
24/12/2025	TN39DA7698	1	791	No	2025-12-27T08:41:15.076Z
24/12/2025	TN39DA7698	1	75	No	2025-12-27T08:41:15.406Z
24/12/2025	TN39DA7698	1	783	No	2025-12-27T08:41:15.998Z
24/12/2025	TN39DA7698	1	74	No	2025-12-27T08:41:16.326Z
24/12/2025	TN39DA7698	1	710	No	2025-12-27T08:41:16.625Z
24/12/2025	TN39DA7698	1	40	No	2025-12-27T08:41:17.225Z
24/12/2025	TN39DA7698	1	687	No	2025-12-27T08:41:17.873Z
24/12/2025	TN39DA7698	1	46	No	2025-12-27T08:41:18.291Z
24/12/2025	TN39DA7698	1	706	No	2025-12-27T08:41:18.614Z
24/12/2025	TN39DA7698	1	56	No	2025-12-27T08:41:19.186Z
24/12/2025	TN39DA7698	1	707	No	2025-12-27T08:41:19.685Z
24/12/2025	TN39DA7698	1	29	No	2025-12-27T08:41:19.992Z
24/12/2025	TN39DA7698	1	690	No	2025-12-27T08:41:20.303Z
24/12/2025	TN39DA7698	1	41	No	2025-12-27T08:41:20.913Z
24/12/2025	TN39DA7698	1	68	No	2025-12-27T08:41:21.527Z
24/12/2025	TN39DA7698	1	70	No	2025-12-27T08:41:21.842Z
24/12/2025	TN39DA7698	1	708	No	2025-12-27T08:41:22.450Z
24/12/2025	TN39DA7698	1	45	No	2025-12-27T08:41:22.782Z
24/12/2025	TN39DA7698	1	785	No	2025-12-27T08:41:23.092Z
24/12/2025	TN39DA7698	1	44	No	2025-12-27T08:41:23.677Z
24/12/2025	TN39DA7698	1	711	No	2025-12-27T08:41:24.199Z
24/12/2025	TN39DA7698	1	43	No	2025-12-27T08:41:24.511Z
24/12/2025	TN39DA7698	1	704	No	2025-12-27T08:41:24.809Z
24/12/2025	TN39DA7698	1	55	No	2025-12-27T08:41:25.214Z
24/12/2025	TN39DA7698	1	36	No	2025-12-27T08:41:25.828Z
24/12/2025	TN39DA7698	1	709	No	2025-12-27T08:41:26.443Z
25/12/2025	TN59AT0877	1	949	No	2025-12-27T08:49:38.272Z
25/12/2025	TN59AT0877	1	1061	No	2025-12-27T08:49:38.911Z
25/12/2025	TN59AT0877	1	898	No	2025-12-27T08:49:39.215Z
25/12/2025	TN59AT0877	1	913	No	2025-12-27T08:49:39.737Z
25/12/2025	TN59AT0877	1	934	No	2025-12-27T08:49:40.065Z
25/12/2025	TN59AT0877	1	1007	No	2025-12-27T08:49:40.421Z
25/12/2025	TN59AT0877	1	1054	No	2025-12-27T08:49:40.729Z
25/12/2025	TN59AT0877	1	1077	No	2025-12-27T08:49:41.033Z
25/12/2025	TN59AT0877	1	922	No	2025-12-27T08:49:41.339Z
25/12/2025	TN59AT0877	1	940	No	2025-12-27T08:49:41.706Z
25/12/2025	TN59AT0877	1	1093	No	2025-12-27T08:49:42.029Z
25/12/2025	TN59AT0877	1	1059	No	2025-12-27T08:49:42.329Z
25/12/2025	TN59AT0877	1	924	No	2025-12-27T08:49:42.637Z
25/12/2025	TN59AT0877	1	901	No	2025-12-27T08:49:43.185Z
25/12/2025	TN59AT0877	1	887	No	2025-12-27T08:49:43.635Z
25/12/2025	TN59AT0877	1	1049	No	2025-12-27T08:49:43.943Z
25/12/2025	TN59AT0877	1	1051	No	2025-12-27T08:49:44.240Z
25/12/2025	TN59AT0877	1	169	No	2025-12-27T08:49:44.721Z
25/12/2025	TN59AT0877	1	176	No	2025-12-27T08:49:45.032Z
25/12/2025	TN59AT0877	1	942	No	2025-12-27T08:49:45.338Z
25/12/2025	TN59AT0877	1	947	No	2025-12-27T08:49:45.634Z
25/12/2025	TN59AT0877	1	1052	No	2025-12-27T08:49:45.934Z
25/12/2025	TN59AT0877	1	536	No	2025-12-27T08:49:46.232Z
25/12/2025	TN59AT0877	1	186	No	2025-12-27T08:49:46.528Z
25/12/2025	TN59AT0877	1	100	No	2025-12-27T08:49:46.838Z
25/12/2025	TN59AT0877	1	1058	No	2025-12-27T08:49:47.150Z
25/12/2025	TN59AT0877	1	941	No	2025-12-27T08:49:47.462Z
25/12/2025	TN59AT0877	1	506	No	2025-12-27T08:49:47.761Z
25/12/2025	TN59AT0877	1	925	No	2025-12-27T08:49:48.071Z
25/12/2025	TN59AT0877	1	926	No	2025-12-27T08:49:48.408Z
25/12/2025	TN59AT0877	1	156	No	2025-12-27T08:49:48.710Z
25/12/2025	TN59AT0877	1	499	No	2025-12-27T08:49:49.009Z
25/12/2025	TN59AT0877	1	929	No	2025-12-27T08:49:49.310Z
25/12/2025	TN59AT0877	1	1008	No	2025-12-27T08:49:49.623Z
25/12/2025	TN59AT0877	1	1004	No	2025-12-27T08:49:50.229Z
25/12/2025	TN59AT0877	1	945	No	2025-12-27T08:49:50.662Z
25/12/2025	TN59AT0877	1	937	No	2025-12-27T08:49:50.968Z
25/12/2025	TN59AT0877	1	1094	No	2025-12-27T08:49:51.264Z
25/12/2025	TN59AT0877	1	504	No	2025-12-27T08:49:51.582Z
25/12/2025	TN59AT0877	1	165	No	2025-12-27T08:49:51.959Z
25/12/2025	TN59AT0877	1	928	No	2025-12-27T08:49:52.257Z
25/12/2025	TN59AT0877	1	1060	No	2025-12-27T08:49:52.571Z
25/12/2025	TN59AT0877	1	175	No	2025-12-27T08:49:52.875Z
25/12/2025	TN59AT0877	1	164	No	2025-12-27T08:49:53.174Z
25/12/2025	TN59AT0877	1	930	No	2025-12-27T08:49:53.473Z
25/12/2025	TN59AT0877	1	948	No	2025-12-27T08:49:53.772Z
25/12/2025	TN59AT0877	1	502	No	2025-12-27T08:49:54.072Z
25/12/2025	TN59AT0877	1	902	No	2025-12-27T08:49:54.378Z
25/12/2025	TN59AT0877	1	932	No	2025-12-27T08:49:54.677Z
25/12/2025	TN59AT0877	1	1095	No	2025-12-27T08:49:54.975Z
25/12/2025	TN59AT0877	1	97	No	2025-12-27T08:49:55.280Z
25/12/2025	TN59AT0877	1	525	No	2025-12-27T08:49:55.588Z
25/12/2025	TN59AT0877	1	938	No	2025-12-27T08:49:55.886Z
25/12/2025	TN59AT0877	1	1062	No	2025-12-27T08:49:56.198Z
25/12/2025	TN59AT0877	1	899	No	2025-12-27T08:49:56.497Z
25/12/2025	TN59AT0877	1	96	No	2025-12-27T08:49:56.808Z
25/12/2025	TN59AT0877	1	933	No	2025-12-27T08:49:57.113Z
25/12/2025	TN59AT0877	1	1056	No	2025-12-27T08:49:57.626Z
25/12/2025	TN59AT0877	1	1053	No	2025-12-27T08:49:57.936Z
25/12/2025	TN59AT0877	1	167	No	2025-12-27T08:49:58.236Z
25/12/2025	TN59AT0877	1	935	No	2025-12-27T08:49:58.547Z
25/12/2025	TN59AT0877	1	900	No	2025-12-27T08:49:58.864Z
25/12/2025	TN59AT0877	1	927	No	2025-12-27T08:49:59.168Z
25/12/2025	TN59AT0877	1	503	No	2025-12-27T08:49:59.625Z
25/12/2025	TN59AT0877	1	908	No	2025-12-27T08:49:59.924Z
25/12/2025	TN59AT0877	1	1005	No	2025-12-27T08:50:00.244Z
25/12/2025	TN59AT0877	1	1055	No	2025-12-27T08:50:00.572Z
25/12/2025	TN59AT0877	1	179	No	2025-12-27T08:50:00.872Z
25/12/2025	TN59AT0877	1	101	No	2025-12-27T08:50:01.196Z
25/12/2025	TN59AT0877	1	943	No	2025-12-27T08:50:01.512Z
25/12/2025	TN59AT0877	1	946	No	2025-12-27T08:50:02.134Z
25/12/2025	TN59AT0877	1	178	No	2025-12-27T08:50:02.849Z
25/12/2025	TN59AT0877	1	931	No	2025-12-27T08:50:03.153Z
25/12/2025	TN59AT0877	1	916	No	2025-12-27T08:50:03.458Z
25/12/2025	TN59AT0877	1	923	No	2025-12-27T08:50:03.754Z
25/12/2025	TN59AT0877	1	185	No	2025-12-27T08:50:04.050Z
25/12/2025	TN59AT0877	1	896	No	2025-12-27T08:50:04.349Z
25/12/2025	TN59AT0877	1	1065	No	2025-12-27T08:50:04.658Z
25/12/2025	TN59AT0877	1	944	No	2025-12-27T08:50:04.964Z
25/12/2025	TN59AT0877	1	939	No	2025-12-27T08:50:05.563Z
25/12/2025	TN59AT0877	1	888	No	2025-12-27T08:50:05.860Z
25/12/2025	TN59AT0877	1	920	No	2025-12-27T08:50:06.165Z
25/12/2025	TN59AT0877	1	1050	No	2025-12-27T08:50:06.534Z
25/12/2025	TN59AT0877	1	102	No	2025-12-27T08:50:06.848Z
25/12/2025	TN59AT0877	1	921	No	2025-12-27T08:50:07.153Z
25/12/2025	TN33BE1803	1	535	No	2025-12-27T08:50:07.755Z
25/12/2025	TN33BE1803	1	529	No	2025-12-27T08:50:08.070Z
25/12/2025	TN33BE1803	1	700	No	2025-12-27T08:50:08.685Z
25/12/2025	TN33BE1803	1	171	No	2025-12-27T08:50:08.991Z
25/12/2025	TN33BE1803	1	802	No	2025-12-27T08:50:09.292Z
25/12/2025	TN33BE1803	1	532	No	2025-12-27T08:50:09.601Z
25/12/2025	TN33BE1803	1	596	No	2025-12-27T08:50:09.911Z
25/12/2025	TN33BE1803	1	617	No	2025-12-27T08:50:10.218Z
25/12/2025	TN33BE1803	1	620	No	2025-12-27T08:50:10.524Z
25/12/2025	TN33BE1803	1	804	No	2025-12-27T08:50:10.829Z
25/12/2025	TN33BE1803	1	521	No	2025-12-27T08:50:11.134Z
25/12/2025	TN33BE1803	1	166	No	2025-12-27T08:50:11.435Z
25/12/2025	TN33BE1803	1	618	No	2025-12-27T08:50:11.734Z
25/12/2025	TN33BE1803	1	606	No	2025-12-27T08:50:12.033Z
25/12/2025	TN33BE1803	1	588	No	2025-12-27T08:50:12.343Z
25/12/2025	TN33BE1803	1	153	No	2025-12-27T08:50:12.650Z
25/12/2025	TN33BE1803	1	608	No	2025-12-27T08:50:12.977Z
25/12/2025	TN33BE1803	1	517	No	2025-12-27T08:50:13.338Z
25/12/2025	TN33BE1803	1	519	No	2025-12-27T08:50:13.640Z
25/12/2025	TN33BE1803	1	619	No	2025-12-27T08:50:13.942Z
25/12/2025	TN33BE1803	1	604	No	2025-12-27T08:50:14.245Z
25/12/2025	TN33BE1803	1	614	No	2025-12-27T08:50:14.558Z
25/12/2025	TN33BE1803	1	534	No	2025-12-27T08:50:14.854Z
25/12/2025	TN33BE1803	1	177	No	2025-12-27T08:50:15.159Z
25/12/2025	TN33BE1803	1	585	No	2025-12-27T08:50:15.460Z
25/12/2025	TN33BE1803	1	575	No	2025-12-27T08:50:15.764Z
25/12/2025	TN33BE1803	1	716	No	2025-12-27T08:50:16.065Z
25/12/2025	TN33BE1803	1	154	No	2025-12-27T08:50:16.368Z
25/12/2025	TN33BE1803	1	801	No	2025-12-27T08:50:16.681Z
25/12/2025	TN33BE1803	1	616	No	2025-12-27T08:50:16.995Z
25/12/2025	TN33BE1803	1	505	No	2025-12-27T08:50:17.293Z
25/12/2025	TN33BE1803	1	577	No	2025-12-27T08:50:17.604Z
25/12/2025	TN33BE1803	1	531	No	2025-12-27T08:50:17.909Z
25/12/2025	TN33BE1803	1	699	No	2025-12-27T08:50:18.209Z
25/12/2025	TN33BE1803	1	183	No	2025-12-27T08:50:18.698Z
25/12/2025	TN33BE1803	1	173	No	2025-12-27T08:50:19.007Z
25/12/2025	TN33BE1803	1	584	No	2025-12-27T08:50:19.306Z
25/12/2025	TN33BE1803	1	698	No	2025-12-27T08:50:19.607Z
25/12/2025	TN33BE1803	1	500	No	2025-12-27T08:50:19.907Z
25/12/2025	TN33BE1803	1	576	No	2025-12-27T08:50:20.209Z
25/12/2025	TN33BE1803	1	599	No	2025-12-27T08:50:20.509Z
25/12/2025	TN33BE1803	1	613	No	2025-12-27T08:50:21.102Z
25/12/2025	TN33BE1803	1	159	No	2025-12-27T08:50:21.411Z
25/12/2025	TN33BE1803	1	152	No	2025-12-27T08:50:21.712Z
25/12/2025	TN33BE1803	1	583	No	2025-12-27T08:50:22.039Z
25/12/2025	TN33BE1803	1	621	No	2025-12-27T08:50:22.338Z
25/12/2025	TN33BE1803	1	160	No	2025-12-27T08:50:22.652Z
25/12/2025	TN33BE1803	1	622	No	2025-12-27T08:50:22.970Z
25/12/2025	TN33BE1803	1	607	No	2025-12-27T08:50:23.278Z
25/12/2025	TN33BE1803	1	598	No	2025-12-27T08:50:23.578Z
25/12/2025	TN33BE1803	1	516	No	2025-12-27T08:50:23.881Z
25/12/2025	TN33BE1803	1	155	No	2025-12-27T08:50:24.185Z
25/12/2025	TN33BE1803	1	615	No	2025-12-27T08:50:24.484Z
25/12/2025	TN33BE1803	1	589	No	2025-12-27T08:50:24.965Z
25/12/2025	TN33BE1803	1	182	No	2025-12-27T08:50:25.347Z
25/12/2025	TN33BE1803	1	501	No	2025-12-27T08:50:25.646Z
25/12/2025	TN33BE1803	1	597	No	2025-12-27T08:50:25.948Z
25/12/2025	TN33BE1803	1	580	No	2025-12-27T08:50:26.247Z
25/12/2025	TN33BE1803	1	168	No	2025-12-27T08:50:26.555Z
25/12/2025	TN33BE1803	1	578	No	2025-12-27T08:50:26.865Z
25/12/2025	TN33BE1803	1	527	No	2025-12-27T08:50:27.167Z
25/12/2025	TN33BE1803	1	612	No	2025-12-27T08:50:27.480Z
25/12/2025	TN33BE1803	1	184	No	2025-12-27T08:50:27.780Z
25/12/2025	TN33BE1803	1	157	No	2025-12-27T08:50:28.089Z
25/12/2025	TN33BE1803	1	602	No	2025-12-27T08:50:28.388Z
25/12/2025	TN33BE1803	1	533	No	2025-12-27T08:50:28.687Z
25/12/2025	TN33BE1803	1	495	No	2025-12-27T08:50:28.992Z
25/12/2025	TN33BE1803	1	496	No	2025-12-27T08:50:29.306Z
25/12/2025	TN33BE1803	1	610	No	2025-12-27T08:50:29.631Z
25/12/2025	TN33BE1803	1	592	No	2025-12-27T08:50:29.933Z
25/12/2025	TN33BE1803	1	174	No	2025-12-27T08:50:30.232Z
25/12/2025	TN33BE1803	1	158	No	2025-12-27T08:50:30.532Z
25/12/2025	TN33BE1803	1	805	No	2025-12-27T08:50:30.838Z
25/12/2025	TN33BE1803	1	590	No	2025-12-27T08:50:31.136Z
25/12/2025	TN33BE1803	1	181	No	2025-12-27T08:50:31.437Z
25/12/2025	TN33BE1803	1	579	No	2025-12-27T08:50:31.734Z
25/12/2025	TN33BE1803	1	605	No	2025-12-27T08:50:32.042Z
25/12/2025	TN33BE1803	1	591	No	2025-12-27T08:50:32.348Z
25/12/2025	TN33BE1803	1	172	No	2025-12-27T08:50:32.650Z
25/12/2025	TN33BE1803	1	518	No	2025-12-27T08:50:32.951Z
25/12/2025	TN33BE1803	1	162	No	2025-12-27T08:50:33.253Z
25/12/2025	TN33BE1803	1	497	No	2025-12-27T08:50:33.563Z
25/12/2025	TN33BE1803	1	161	No	2025-12-27T08:50:33.878Z
25/12/2025	TN33BE1803	1	170	No	2025-12-27T08:50:34.191Z
25/12/2025	TN33BE1803	1	180	No	2025-12-27T08:50:34.497Z
25/12/2025	TN59AT0877	2	546	No	2025-12-27T09:00:18.985Z
25/12/2025	TN59AT0877	2	478	No	2025-12-27T09:00:20.873Z
25/12/2025	TN59AT0877	2	1215	No	2025-12-27T09:00:21.336Z
25/12/2025	TN59AT0877	2	1118	No	2025-12-27T09:00:22.078Z
25/12/2025	TN59AT0877	2	1120	No	2025-12-27T09:00:22.785Z
25/12/2025	TN59AT0877	2	545	No	2025-12-27T09:00:23.470Z
25/12/2025	TN59AT0877	2	486	No	2025-12-27T09:00:23.851Z
25/12/2025	TN59AT0877	2	1204	No	2025-12-27T09:00:24.350Z
25/12/2025	TN59AT0877	2	1117	No	2025-12-27T09:00:24.650Z
25/12/2025	TN59AT0877	2	1123	No	2025-12-27T09:00:25.236Z
25/12/2025	TN59AT0877	2	566	No	2025-12-27T09:00:25.542Z
25/12/2025	TN59AT0877	2	484	No	2025-12-27T09:00:26.161Z
25/12/2025	TN59AT0877	2	1209	No	2025-12-27T09:00:26.466Z
25/12/2025	TN59AT0877	2	1205	No	2025-12-27T09:00:26.770Z
25/12/2025	TN59AT0877	2	1212	No	2025-12-27T09:00:27.387Z
25/12/2025	TN59AT0877	2	717	No	2025-12-27T09:00:27.855Z
25/12/2025	TN59AT0877	2	480	No	2025-12-27T09:00:28.308Z
25/12/2025	TN59AT0877	2	809	No	2025-12-27T09:00:28.923Z
25/12/2025	TN59AT0877	2	786	No	2025-12-27T09:00:29.537Z
25/12/2025	TN59AT0877	2	1209	No	2025-12-27T09:00:30.151Z
25/12/2025	TN59AT0877	2	547	No	2025-12-27T09:00:31.391Z
25/12/2025	TN59AT0877	2	485	No	2025-12-27T09:00:33.175Z
25/12/2025	TN59AT0877	2	475	No	2025-12-27T09:00:35.190Z
25/12/2025	TN59AT0877	2	653	No	2025-12-27T09:00:35.718Z
25/12/2025	TN59AT0877	2	803	No	2025-12-27T09:00:36.597Z
25/12/2025	TN59AT0877	2	482	No	2025-12-27T09:00:36.989Z
25/12/2025	TN59AT0877	2	470	No	2025-12-27T09:00:37.307Z
25/12/2025	TN59AT0877	2	807	No	2025-12-27T09:00:37.621Z
25/12/2025	TN59AT0877	2	1214	No	2025-12-27T09:00:37.923Z
25/12/2025	TN59AT0877	2	798	No	2025-12-27T09:00:38.730Z
25/12/2025	TN59AT0877	2	552	No	2025-12-27T09:00:39.069Z
25/12/2025	TN59AT0877	2	476	No	2025-12-27T09:00:39.364Z
25/12/2025	TN59AT0877	2	574	No	2025-12-27T09:00:39.948Z
25/12/2025	TN59AT0877	2	488	No	2025-12-27T09:00:40.599Z
25/12/2025	TN59AT0877	2	481	No	2025-12-27T09:00:41.210Z
25/12/2025	TN59AT0877	2	550	No	2025-12-27T09:00:41.826Z
25/12/2025	TN59AT0877	2	572	No	2025-12-27T09:00:42.214Z
25/12/2025	TN59AT0877	2	787	No	2025-12-27T09:00:42.510Z
25/12/2025	TN59AT0877	2	560	No	2025-12-27T09:00:42.816Z
25/12/2025	TN59AT0877	2	559	No	2025-12-27T09:00:43.397Z
25/12/2025	TN59AT0877	2	799	No	2025-12-27T09:00:44.312Z
25/12/2025	TN59AT0877	2	788	No	2025-12-27T09:00:47.066Z
25/12/2025	TN59AT0877	2	489	No	2025-12-27T09:00:49.835Z
25/12/2025	TN59AT0877	2	558	No	2025-12-27T09:00:51.445Z
25/12/2025	TN59AT0877	2	587	No	2025-12-27T09:00:52.064Z
25/12/2025	TN59AT0877	2	794	No	2025-12-27T09:00:52.908Z
25/12/2025	TN59AT0877	2	483	No	2025-12-27T09:00:53.399Z
25/12/2025	TN59AT0877	2	549	No	2025-12-27T09:00:53.701Z
25/12/2025	TN59AT0877	2	554	No	2025-12-27T09:00:54.115Z
25/12/2025	TN59AT0877	2	593	No	2025-12-27T09:00:54.419Z
25/12/2025	TN59AT0877	2	562	No	2025-12-27T09:00:54.709Z
25/12/2025	TN59AT0877	2	553	No	2025-12-27T09:00:55.005Z
25/12/2025	TN59AT0877	2	594	No	2025-12-27T09:00:55.314Z
25/12/2025	TN59AT0877	2	1119	No	2025-12-27T09:00:55.621Z
25/12/2025	TN59AT0877	2	191	No	2025-12-27T09:00:55.926Z
25/12/2025	TN59AT0877	2	557	No	2025-12-27T09:00:56.225Z
25/12/2025	TN59AT0877	2	551	No	2025-12-27T09:00:56.527Z
25/12/2025	TN59AT0877	2	1122	No	2025-12-27T09:00:56.837Z
25/12/2025	TN59AT0877	2	555	No	2025-12-27T09:00:57.137Z
25/12/2025	TN59AT0877	2	473	No	2025-12-27T09:00:57.497Z
25/12/2025	TN59AT0877	2	564	No	2025-12-27T09:00:57.902Z
25/12/2025	TN59AT0877	2	595	No	2025-12-27T09:00:58.408Z
25/12/2025	TN59AT0877	2	474	No	2025-12-27T09:00:59.027Z
25/12/2025	TN59AT0877	2	556	No	2025-12-27T09:00:59.644Z
25/12/2025	TN59AT0877	2	789	No	2025-12-27T09:00:59.987Z
25/12/2025	TN59AT0877	2	1121	No	2025-12-27T09:01:00.297Z
25/12/2025	TN59AT0877	2	472	No	2025-12-27T09:01:00.634Z
25/12/2025	TN59AT0877	2	586	No	2025-12-27T09:01:00.980Z
25/12/2025	TN59AT0877	2	790	No	2025-12-27T09:01:01.291Z
25/12/2025	TN59AT0877	2	1124	No	2025-12-27T09:01:01.792Z
25/12/2025	TN59AT0877	2	477	No	2025-12-27T09:01:02.115Z
25/12/2025	TN59AT0877	2	1206	No	2025-12-27T09:01:02.437Z
25/12/2025	TN59AT0877	2	808	No	2025-12-27T09:01:03.023Z
25/12/2025	TN59AT0877	2	1210	No	2025-12-27T09:01:03.638Z
25/12/2025	TN59AT0877	2	548	No	2025-12-27T09:01:04.250Z
25/12/2025	TN59AT0877	2	563	No	2025-12-27T09:01:04.540Z
25/12/2025	TN59AT0877	2	1208	No	2025-12-27T09:01:04.846Z
25/12/2025	TN59AT0877	2	797	No	2025-12-27T09:01:05.144Z
25/12/2025	TN59AT0877	2	487	No	2025-12-27T09:01:05.439Z
25/12/2025	TN59AT0877	2	796	No	2025-12-27T09:01:05.744Z
25/12/2025	TN59AT0877	2	806	No	2025-12-27T09:01:06.104Z
25/12/2025	TN59AT0877	2	1211	No	2025-12-27T09:01:06.590Z
25/12/2025	TN59AT0877	2	561	No	2025-12-27T09:01:06.894Z
25/12/2025	TN59AT0877	2	886	No	2025-12-27T09:01:07.322Z
25/12/2025	TN59AT0877	2	795	No	2025-12-27T09:01:07.754Z
25/12/2025	TN59AT0877	2	800	No	2025-12-27T09:01:08.063Z
25/12/2025	TN39EZ2867	1	1246	No	2025-12-27T09:01:08.661Z
25/12/2025	TN39EZ2867	1	1103	No	2025-12-27T09:01:08.965Z
25/12/2025	TN39EZ2867	1	670	No	2025-12-27T09:01:09.270Z
25/12/2025	TN39EZ2867	1	884	No	2025-12-27T09:01:09.780Z
25/12/2025	TN39EZ2867	1	1251	No	2025-12-27T09:01:10.395Z
25/12/2025	TN39EZ2867	1	1243	No	2025-12-27T09:01:10.704Z
25/12/2025	TN39EZ2867	1	1176	No	2025-12-27T09:01:11.315Z
25/12/2025	TN39EZ2867	1	1078	No	2025-12-27T09:01:11.879Z
25/12/2025	TN39EZ2867	1	1247	No	2025-12-27T09:01:12.227Z
25/12/2025	TN39EZ2867	1	1241	No	2025-12-27T09:01:12.544Z
25/12/2025	TN39EZ2867	1	678	No	2025-12-27T09:01:12.974Z
25/12/2025	TN39EZ2867	1	912	No	2025-12-27T09:01:13.450Z
25/12/2025	TN39EZ2867	1	1245	No	2025-12-27T09:01:13.739Z
25/12/2025	TN39EZ2867	1	1252	No	2025-12-27T09:01:14.029Z
25/12/2025	TN39EZ2867	1	892	No	2025-12-27T09:01:14.779Z
25/12/2025	TN39EZ2867	1	1083	No	2025-12-27T09:01:16.110Z
25/12/2025	TN39EZ2867	1	1185	No	2025-12-27T09:01:17.530Z
25/12/2025	TN39EZ2867	1	1079	No	2025-12-27T09:01:18.429Z
25/12/2025	TN39EZ2867	1	1184	No	2025-12-27T09:01:19.660Z
25/12/2025	TN39EZ2867	1	1182	No	2025-12-27T09:01:21.453Z
25/12/2025	TN39EZ2867	1	1186	No	2025-12-27T09:01:21.977Z
25/12/2025	TN39EZ2867	1	1192	No	2025-12-27T09:01:22.644Z
25/12/2025	TN39EZ2867	1	686	No	2025-12-27T09:01:23.296Z
25/12/2025	TN39EZ2867	1	1081	No	2025-12-27T09:01:23.911Z
25/12/2025	TN39EZ2867	1	1248	No	2025-12-27T09:01:24.250Z
25/12/2025	TN39EZ2867	1	104	No	2025-12-27T09:01:24.835Z
25/12/2025	TN39EZ2867	1	999	No	2025-12-27T09:01:25.155Z
25/12/2025	TN39EZ2867	1	107	No	2025-12-27T09:01:25.451Z
25/12/2025	TN39EZ2867	1	1250	No	2025-12-27T09:01:26.061Z
25/12/2025	TN39EZ2867	1	1141	No	2025-12-27T09:01:26.675Z
25/12/2025	TN39EZ2867	1	1194	No	2025-12-27T09:01:26.990Z
25/12/2025	TN39EZ2867	1	672	No	2025-12-27T09:01:27.291Z
25/12/2025	TN39EZ2867	1	95	No	2025-12-27T09:01:27.906Z
25/12/2025	TN39EZ2867	1	1101	No	2025-12-27T09:01:28.225Z
25/12/2025	TN39EZ2867	1	92	No	2025-12-27T09:01:28.595Z
25/12/2025	TN39EZ2867	1	1086	No	2025-12-27T09:01:28.895Z
25/12/2025	TN39EZ2867	1	1179	No	2025-12-27T09:01:30.055Z
25/12/2025	TN39EZ2867	1	1240	No	2025-12-27T09:01:30.545Z
25/12/2025	TN39EZ2867	1	1239	No	2025-12-27T09:01:31.406Z
25/12/2025	TN39EZ2867	1	93	No	2025-12-27T09:01:32.730Z
25/12/2025	TN39EZ2867	1	1249	No	2025-12-27T09:01:33.030Z
25/12/2025	TN39EZ2867	1	1191	No	2025-12-27T09:01:33.406Z
25/12/2025	TN39EZ2867	1	669	No	2025-12-27T09:01:33.741Z
25/12/2025	TN39EZ2867	1	1140	No	2025-12-27T09:01:34.147Z
25/12/2025	TN39EZ2867	1	1104	No	2025-12-27T09:01:34.531Z
25/12/2025	TN39EZ2867	1	1173	No	2025-12-27T09:01:34.836Z
25/12/2025	TN39EZ2867	1	671	No	2025-12-27T09:01:35.210Z
25/12/2025	TN39EZ2867	1	1080	No	2025-12-27T09:01:35.532Z
25/12/2025	TN39EZ2867	1	1139	No	2025-12-27T09:01:36.198Z
25/12/2025	TN39EZ2867	1	1181	No	2025-12-27T09:01:37.428Z
25/12/2025	TN39EZ2867	1	685	No	2025-12-27T09:01:38.042Z
25/12/2025	TN39EZ2867	1	1177	No	2025-12-27T09:01:38.657Z
25/12/2025	TN39EZ2867	1	1244	No	2025-12-27T09:01:39.272Z
25/12/2025	TN39EZ2867	1	1076	No	2025-12-27T09:01:39.661Z
25/12/2025	TN39EZ2867	1	680	No	2025-12-27T09:01:39.970Z
25/12/2025	TN39EZ2867	1	679	No	2025-12-27T09:01:40.265Z
25/12/2025	TN39EZ2867	1	1105	No	2025-12-27T09:01:40.571Z
25/12/2025	TN39EZ2867	1	1174	No	2025-12-27T09:01:40.939Z
25/12/2025	TN39EZ2867	1	715	No	2025-12-27T09:01:41.417Z
25/12/2025	TN39EZ2867	1	838	No	2025-12-27T09:01:41.748Z
25/12/2025	TN39EZ2867	1	1090	No	2025-12-27T09:01:42.055Z
25/12/2025	TN39EZ2867	1	1075	No	2025-12-27T09:01:42.363Z
25/12/2025	TN39EZ2867	1	1074	No	2025-12-27T09:01:42.677Z
25/12/2025	TN39EZ2867	1	1180	No	2025-12-27T09:01:43.007Z
25/12/2025	TN39EZ2867	1	911	No	2025-12-27T09:01:43.310Z
25/12/2025	TN39EZ2867	1	1189	No	2025-12-27T09:01:43.600Z
25/12/2025	TN39EZ2867	1	91	No	2025-12-27T09:01:43.907Z
25/12/2025	TN39EZ2867	1	684	No	2025-12-27T09:01:44.214Z
25/12/2025	TN39EZ2867	1	1178	No	2025-12-27T09:01:45.107Z
25/12/2025	TN39EZ2867	1	1187	No	2025-12-27T09:01:45.442Z
25/12/2025	TN39EZ2867	1	898	No	2025-12-27T09:01:46.031Z
25/12/2025	TN39EZ2867	1	681	No	2025-12-27T09:01:46.329Z
25/12/2025	TN39EZ2867	1	94	No	2025-12-27T09:01:47.170Z
25/12/2025	TN39EZ2867	1	1183	No	2025-12-27T09:01:47.720Z
25/12/2025	TN39EZ2867	1	1073	No	2025-12-27T09:01:48.379Z
25/12/2025	TN39EZ2867	1	688	No	2025-12-27T09:01:48.680Z
25/12/2025	TN39EZ2867	1	1242	No	2025-12-27T09:01:48.990Z
25/12/2025	TN39EZ2867	1	837	No	2025-12-27T09:01:49.802Z
25/12/2025	TN39EZ2867	1	1188	No	2025-12-27T09:01:50.231Z
25/12/2025	TN39EZ2867	1	682	No	2025-12-27T09:01:50.526Z
25/12/2025	TN39EZ2867	1	683	No	2025-12-27T09:01:50.824Z
25/12/2025	TN39EZ2867	1	674	No	2025-12-27T09:01:51.164Z
25/12/2025	TN39EZ2867	1	677	No	2025-12-27T09:01:51.470Z
25/12/2025	TN39EZ2867	1	713	No	2025-12-27T09:01:51.867Z
25/12/2025	TN39EZ2867	1	1102	No	2025-12-27T09:01:52.810Z
25/12/2025	TN39EZ2867	1	1097	No	2025-12-27T09:01:53.120Z
25/12/2025	TN39EZ2867	1	903	No	2025-12-27T09:01:53.495Z
25/12/2025	TN39EZ2867	1	835	No	2025-12-27T09:01:53.789Z
25/12/2025	TN39EZ2867	1	880	No	2025-12-27T09:01:54.084Z
25/12/2025	TN39EZ2867	1	1064	No	2025-12-27T09:01:54.633Z
25/12/2025	TN39EZ2867	1	881	No	2025-12-27T09:01:55.249Z
25/12/2025	TN39EZ2867	1	1100	No	2025-12-27T09:01:55.604Z
25/12/2025	TN39EZ2867	1	1098	No	2025-12-27T09:01:55.923Z
25/12/2025	TN39EZ2867	1	891	No	2025-12-27T09:01:56.221Z
25/12/2025	TN39EZ2867	1	695	No	2025-12-27T09:01:56.645Z
25/12/2025	TN39EZ2867	1	1096	No	2025-12-27T09:01:57.085Z
25/12/2025	TN39EZ2867	1	693	No	2025-12-27T09:01:57.406Z
25/12/2025	TN39EZ2867	1	1057	No	2025-12-27T09:01:58.425Z
25/12/2025	TN39EZ2867	1	714	No	2025-12-27T09:01:59.205Z
25/12/2025	TN39EZ2867	1	936	No	2025-12-27T09:02:00.130Z
25/12/2025	TN39EZ2867	1	712	No	2025-12-27T09:02:01.022Z
25/12/2025	TN39EZ2867	1	895	No	2025-12-27T09:02:01.755Z
25/12/2025	TN39EZ2867	1	692	No	2025-12-27T09:02:02.995Z
25/12/2025	TN39EZ2867	1	1099	No	2025-12-27T09:02:03.540Z
25/12/2025	TN39EZ2867	1	689	No	2025-12-27T09:02:03.875Z
25/12/2025	TN39EZ2867	1	897	No	2025-12-27T09:02:04.214Z
25/12/2025	TN39EZ2867	1	565	No	2025-12-27T09:02:04.514Z
25/12/2025	TN39EZ2867	1	893	No	2025-12-27T09:02:04.817Z
25/12/2025	TN39EZ2867	1	673	No	2025-12-27T09:02:05.127Z
25/12/2025	TN39EZ2867	1	675	No	2025-12-27T09:02:05.430Z
25/12/2025	TN39EZ2867	1	894	No	2025-12-27T09:02:05.730Z
25/12/2025	TN39EZ2867	1	667	No	2025-12-27T09:02:06.053Z
25/12/2025	TN39EZ2867	1	691	No	2025-12-27T09:02:06.612Z
25/12/2025	TN39EZ2867	1	694	No	2025-12-27T09:02:06.950Z
25/12/2025	TN33BE1803	2	338	No	2025-12-27T09:02:07.631Z
25/12/2025	TN33BE1803	2	426	No	2025-12-27T09:02:08.252Z
25/12/2025	TN33BE1803	2	449	No	2025-12-27T09:02:08.630Z
25/12/2025	TN33BE1803	2	1213	No	2025-12-27T09:02:09.029Z
25/12/2025	TN33BE1803	2	334	No	2025-12-27T09:02:09.641Z
25/12/2025	TN33BE1803	2	427	No	2025-12-27T09:02:09.987Z
25/12/2025	TN33BE1803	2	437	No	2025-12-27T09:02:10.311Z
25/12/2025	TN33BE1803	2	567	No	2025-12-27T09:02:10.628Z
25/12/2025	TN33BE1803	2	317	No	2025-12-27T09:02:10.930Z
25/12/2025	TN33BE1803	2	430	No	2025-12-27T09:02:11.529Z
25/12/2025	TN33BE1803	2	447	No	2025-12-27T09:02:11.906Z
25/12/2025	TN33BE1803	2	456	No	2025-12-27T09:02:12.201Z
25/12/2025	TN33BE1803	2	339	No	2025-12-27T09:02:12.739Z
25/12/2025	TN33BE1803	2	459	No	2025-12-27T09:02:13.146Z
25/12/2025	TN33BE1803	2	460	No	2025-12-27T09:02:13.632Z
25/12/2025	TN33BE1803	2	544	No	2025-12-27T09:02:14.585Z
25/12/2025	TN33BE1803	2	432	No	2025-12-27T09:02:15.164Z
25/12/2025	TN33BE1803	2	445	No	2025-12-27T09:02:16.555Z
25/12/2025	TN33BE1803	2	528	No	2025-12-27T09:02:17.056Z
25/12/2025	TN33BE1803	2	565	No	2025-12-27T09:02:17.364Z
25/12/2025	TN33BE1803	2	329	No	2025-12-27T09:02:17.978Z
25/12/2025	TN33BE1803	2	428	No	2025-12-27T09:02:18.469Z
25/12/2025	TN33BE1803	2	1261	No	2025-12-27T09:02:18.790Z
25/12/2025	TN33BE1803	2	570	No	2025-12-27T09:02:19.208Z
25/12/2025	TN33BE1803	2	332	No	2025-12-27T09:02:19.822Z
25/12/2025	TN33BE1803	2	524	No	2025-12-27T09:02:20.437Z
25/12/2025	TN33BE1803	2	569	No	2025-12-27T09:02:20.896Z
25/12/2025	TN33BE1803	2	440	No	2025-12-27T09:02:21.246Z
25/12/2025	TN33BE1803	2	320	No	2025-12-27T09:02:21.545Z
25/12/2025	TN33BE1803	2	601	No	2025-12-27T09:02:21.972Z
25/12/2025	TN33BE1803	2	457	No	2025-12-27T09:02:22.587Z
25/12/2025	TN33BE1803	2	450	No	2025-12-27T09:02:22.909Z
25/12/2025	TN33BE1803	2	1354	No	2025-12-27T09:02:23.508Z
25/12/2025	TN33BE1803	2	568	No	2025-12-27T09:02:24.629Z
25/12/2025	TN33BE1803	2	492	No	2025-12-27T09:02:25.066Z
25/12/2025	TN33BE1803	2	458	No	2025-12-27T09:02:25.364Z
25/12/2025	TN33BE1803	2	429	No	2025-12-27T09:02:25.686Z
25/12/2025	TN33BE1803	2	442	No	2025-12-27T09:02:26.274Z
25/12/2025	TN33BE1803	2	441	No	2025-12-27T09:02:26.605Z
25/12/2025	TN33BE1803	2	523	No	2025-12-27T09:02:27.178Z
25/12/2025	TN33BE1803	2	433	No	2025-12-27T09:02:27.799Z
25/12/2025	TN33BE1803	2	461	No	2025-12-27T09:02:28.299Z
25/12/2025	TN33BE1803	2	448	No	2025-12-27T09:02:29.070Z
25/12/2025	TN33BE1803	2	609	No	2025-12-27T09:02:29.653Z
25/12/2025	TN33BE1803	2	308	No	2025-12-27T09:02:30.265Z
25/12/2025	TN33BE1803	2	340	No	2025-12-27T09:02:30.880Z
25/12/2025	TN33BE1803	2	455	No	2025-12-27T09:02:31.496Z
25/12/2025	TN33BE1803	2	611	No	2025-12-27T09:02:32.110Z
25/12/2025	TN33BE1803	2	331	No	2025-12-27T09:02:32.725Z
25/12/2025	TN33BE1803	2	436	No	2025-12-27T09:02:33.339Z
25/12/2025	TN33BE1803	2	1260	No	2025-12-27T09:02:33.953Z
25/12/2025	TN33BE1803	2	582	No	2025-12-27T09:02:34.291Z
25/12/2025	TN33BE1803	2	316	No	2025-12-27T09:02:34.599Z
25/12/2025	TN33BE1803	2	718	No	2025-12-27T09:02:35.014Z
25/12/2025	TN33BE1803	2	438	No	2025-12-27T09:02:35.358Z
25/12/2025	TN33BE1803	2	603	No	2025-12-27T09:02:35.661Z
25/12/2025	TN33BE1803	2	190	No	2025-12-27T09:02:36.104Z
25/12/2025	TN33BE1803	2	446	No	2025-12-27T09:02:36.718Z
25/12/2025	TN33BE1803	2	444	No	2025-12-27T09:02:37.333Z
25/12/2025	TN33BE1803	2	571	No	2025-12-27T09:02:37.943Z
25/12/2025	TN33BE1803	2	335	No	2025-12-27T09:02:38.270Z
25/12/2025	TN33BE1803	2	434	No	2025-12-27T09:02:38.868Z
25/12/2025	TN33BE1803	2	439	No	2025-12-27T09:02:39.190Z
25/12/2025	TN33BE1803	2	581	No	2025-12-27T09:02:40.110Z
25/12/2025	TN33BE1803	2	337	No	2025-12-27T09:02:40.710Z
25/12/2025	TN33BE1803	2	719	No	2025-12-27T09:02:41.328Z
25/12/2025	TN33BE1803	2	1262	No	2025-12-27T09:02:41.670Z
25/12/2025	TN33BE1803	2	538	No	2025-12-27T09:02:41.965Z
25/12/2025	TN33BE1803	2	453	No	2025-12-27T09:02:42.265Z
25/12/2025	TN33BE1803	2	543	No	2025-12-27T09:02:42.862Z
25/12/2025	TN33BE1803	2	1259	No	2025-12-27T09:02:43.427Z
25/12/2025	TN33BE1803	2	539	No	2025-12-27T09:02:43.756Z
25/12/2025	TN33BE1803	2	307	No	2025-12-27T09:02:44.056Z
25/12/2025	TN33BE1803	2	435	No	2025-12-27T09:02:44.705Z
25/12/2025	TN33BE1803	2	542	No	2025-12-27T09:02:45.320Z
25/12/2025	TN33BE1803	2	600	No	2025-12-27T09:02:45.933Z
25/12/2025	TN33BE1803	2	333	No	2025-12-27T09:02:46.562Z
25/12/2025	TN33BE1803	2	537	No	2025-12-27T09:02:47.162Z
25/12/2025	TN33BE1803	2	541	No	2025-12-27T09:02:47.777Z
25/12/2025	TN33BE1803	2	530	No	2025-12-27T09:02:48.331Z
25/12/2025	TN33BE1803	2	540	No	2025-12-27T09:02:48.701Z
25/12/2025	TN59AT0877	3	1374	No	2025-12-27T09:02:49.306Z
25/12/2025	TN59AT0877	3	1376	No	2025-12-27T09:02:49.631Z
25/12/2025	TN59AT0877	3	1301	No	2025-12-27T09:02:50.234Z
25/12/2025	TN59AT0877	3	1373	No	2025-12-27T09:02:50.848Z
25/12/2025	TN59AT0877	3	1293	No	2025-12-27T09:02:51.463Z
25/12/2025	TN59AT0877	3	1274	No	2025-12-27T09:02:51.770Z
25/12/2025	TN59AT0877	3	1276	No	2025-12-27T09:02:52.384Z
25/12/2025	TN59AT0877	3	1389	No	2025-12-27T09:02:52.709Z
25/12/2025	TN59AT0877	3	1273	No	2025-12-27T09:02:53.007Z
25/12/2025	TN59AT0877	3	1353	No	2025-12-27T09:02:53.298Z
25/12/2025	TN59AT0877	3	1279	No	2025-12-27T09:02:53.609Z
25/12/2025	TN59AT0877	3	1300	No	2025-12-27T09:02:54.228Z
25/12/2025	TN59AT0877	3	1365	No	2025-12-27T09:02:54.666Z
25/12/2025	TN59AT0877	3	1298	No	2025-12-27T09:02:54.989Z
25/12/2025	TN59AT0877	3	1316	No	2025-12-27T09:02:56.299Z
25/12/2025	TN59AT0877	3	1366	No	2025-12-27T09:02:56.891Z
25/12/2025	TN59AT0877	3	1295	No	2025-12-27T09:02:58.529Z
25/12/2025	TN59AT0877	3	1304	No	2025-12-27T09:02:58.819Z
25/12/2025	TN59AT0877	3	1265	No	2025-12-27T09:02:59.114Z
25/12/2025	TN59AT0877	3	1297	No	2025-12-27T09:02:59.656Z
25/12/2025	TN59AT0877	3	1309	No	2025-12-27T09:02:59.965Z
25/12/2025	TN59AT0877	3	1224	No	2025-12-27T09:03:00.372Z
25/12/2025	TN59AT0877	3	1072	No	2025-12-27T09:03:00.792Z
25/12/2025	TN59AT0877	3	1301	No	2025-12-27T09:03:01.192Z
25/12/2025	TN59AT0877	3	1364	No	2025-12-27T09:03:01.484Z
25/12/2025	TN59AT0877	3	1161	No	2025-12-27T09:03:01.784Z
25/12/2025	TN59AT0877	3	1294	No	2025-12-27T09:03:02.095Z
25/12/2025	TN59AT0877	3	1358	No	2025-12-27T09:03:02.522Z
25/12/2025	TN59AT0877	3	1266	No	2025-12-27T09:03:03.112Z
25/12/2025	TN59AT0877	3	1305	No	2025-12-27T09:03:03.450Z
25/12/2025	TN59AT0877	3	1379	No	2025-12-27T09:03:03.750Z
25/12/2025	TN59AT0877	3	1296	No	2025-12-27T09:03:04.044Z
25/12/2025	TN59AT0877	3	1303	No	2025-12-27T09:03:04.367Z
25/12/2025	TN59AT0877	3	1333	No	2025-12-27T09:03:04.659Z
25/12/2025	TN59AT0877	3	1256	No	2025-12-27T09:03:04.965Z
25/12/2025	TN59AT0877	3	1314	No	2025-12-27T09:03:05.266Z
25/12/2025	TN59AT0877	3	1377	No	2025-12-27T09:03:05.564Z
25/12/2025	TN59AT0877	3	1268	No	2025-12-27T09:03:05.854Z
25/12/2025	TN59AT0877	3	1116	No	2025-12-27T09:03:06.150Z
25/12/2025	TN59AT0877	3	1375	No	2025-12-27T09:03:06.442Z
25/12/2025	TN59AT0877	3	1302	No	2025-12-27T09:03:06.735Z
25/12/2025	TN59AT0877	3	1115	No	2025-12-27T09:03:07.025Z
25/12/2025	TN59AT0877	3	1193	No	2025-12-27T09:03:07.314Z
25/12/2025	TN59AT0877	3	1257	No	2025-12-27T09:03:07.605Z
25/12/2025	TN59AT0877	3	1322	No	2025-12-27T09:03:07.900Z
25/12/2025	TN59AT0877	3	1332	No	2025-12-27T09:03:08.196Z
25/12/2025	TN59AT0877	3	1255	No	2025-12-27T09:03:08.616Z
25/12/2025	TN59AT0877	3	1324	No	2025-12-27T09:03:08.915Z
25/12/2025	TN59AT0877	3	826	No	2025-12-27T09:03:09.214Z
25/12/2025	TN59AT0877	3	1312	No	2025-12-27T09:03:09.954Z
25/12/2025	TN59AT0877	3	1321	No	2025-12-27T09:03:10.384Z
25/12/2025	TN59AT0877	3	1360	No	2025-12-27T09:03:11.895Z
25/12/2025	TN59AT0877	3	1330	No	2025-12-27T09:03:12.489Z
25/12/2025	TN59AT0877	3	1328	No	2025-12-27T09:03:12.817Z
25/12/2025	TN59AT0877	3	1263	No	2025-12-27T09:03:13.114Z
25/12/2025	TN59AT0877	3	1310	No	2025-12-27T09:03:13.410Z
25/12/2025	TN59AT0877	3	1271	No	2025-12-27T09:03:13.700Z
25/12/2025	TN59AT0877	3	1306	No	2025-12-27T09:03:14.015Z
25/12/2025	TN59AT0877	3	1331	No	2025-12-27T09:03:14.315Z
25/12/2025	TN59AT0877	3	1327	No	2025-12-27T09:03:14.620Z
25/12/2025	TN59AT0877	3	1308	No	2025-12-27T09:03:15.117Z
25/12/2025	TN59AT0877	3	1325	No	2025-12-27T09:03:15.410Z
25/12/2025	TN59AT0877	3	1313	No	2025-12-27T09:03:15.732Z
25/12/2025	TN59AT0877	3	1269	No	2025-12-27T09:03:16.034Z
25/12/2025	TN59AT0877	3	1315	No	2025-12-27T09:03:16.345Z
25/12/2025	TN59AT0877	3	1217	No	2025-12-27T09:03:16.650Z
25/12/2025	TN59AT0877	3	1317	No	2025-12-27T09:03:16.944Z
25/12/2025	TN59AT0877	3	1222	No	2025-12-27T09:03:17.241Z
25/12/2025	TN59AT0877	3	1329	No	2025-12-27T09:03:17.545Z
25/12/2025	TN59AT0877	3	1272	No	2025-12-27T09:03:17.851Z
25/12/2025	TN59AT0877	3	1113	No	2025-12-27T09:03:18.150Z
25/12/2025	TN59AT0877	3	1223	No	2025-12-27T09:03:18.453Z
25/12/2025	TN59AT0877	3	1318	No	2025-12-27T09:03:18.756Z
25/12/2025	TN59AT0877	3	1221	No	2025-12-27T09:03:19.060Z
25/12/2025	TN59AT0877	3	1110	No	2025-12-27T09:03:19.359Z
25/12/2025	TN59AT0877	3	1111	No	2025-12-27T09:03:19.725Z
25/12/2025	TN59AT0877	3	1326	No	2025-12-27T09:03:20.034Z
25/12/2025	TN59AT0877	3	1320	No	2025-12-27T09:03:20.330Z
25/12/2025	TN59AT0877	3	1219	No	2025-12-27T09:03:20.634Z
25/12/2025	TN59AT0877	3	1323	No	2025-12-27T09:03:20.934Z
25/12/2025	TN59AT0877	3	1220	No	2025-12-27T09:03:21.235Z
25/12/2025	TN59AT0877	3	1270	No	2025-12-27T09:03:21.534Z
25/12/2025	TN59AT0877	3	1112	No	2025-12-27T09:03:21.920Z
25/12/2025	TN59AT0877	3	1114	No	2025-12-27T09:03:22.215Z
25/12/2025	TN59AT0877	3	1218	No	2025-12-27T09:03:22.520Z
25/12/2025	TN59AT0877	3	1319	No	2025-12-27T09:03:22.819Z
26/12/2025	TN59AT0877	1	138	No	2025-12-27T09:16:40.908Z
26/12/2025	TN59AT0877	1	223	No	2025-12-27T09:16:41.828Z
26/12/2025	TN59AT0877	1	1498	No	2025-12-27T09:16:42.131Z
26/12/2025	TN59AT0877	1	1493	No	2025-12-27T09:16:42.440Z
26/12/2025	TN59AT0877	1	1505	No	2025-12-27T09:16:42.793Z
26/12/2025	TN59AT0877	1	421	No	2025-12-27T09:16:43.364Z
26/12/2025	TN59AT0877	1	114	No	2025-12-27T09:16:43.672Z
26/12/2025	TN59AT0877	1	1492	No	2025-12-27T09:16:43.976Z
26/12/2025	TN59AT0877	1	117	No	2025-12-27T09:16:44.597Z
26/12/2025	TN59AT0877	1	330	No	2025-12-27T09:16:44.902Z
26/12/2025	TN59AT0877	1	1507	No	2025-12-27T09:16:45.514Z
26/12/2025	TN59AT0877	1	1480	No	2025-12-27T09:16:46.439Z
26/12/2025	TN59AT0877	1	118	No	2025-12-27T09:16:47.017Z
26/12/2025	TN59AT0877	1	129	No	2025-12-27T09:16:47.357Z
26/12/2025	TN59AT0877	1	140	No	2025-12-27T09:16:47.674Z
26/12/2025	TN59AT0877	1	1501	No	2025-12-27T09:16:47.988Z
26/12/2025	TN59AT0877	1	127	No	2025-12-27T09:16:48.586Z
26/12/2025	TN59AT0877	1	328	No	2025-12-27T09:16:49.200Z
26/12/2025	TN59AT0877	1	1524	No	2025-12-27T09:16:49.815Z
26/12/2025	TN59AT0877	1	1512	No	2025-12-27T09:16:50.144Z
26/12/2025	TN59AT0877	1	1491	No	2025-12-27T09:16:50.478Z
26/12/2025	TN59AT0877	1	128	No	2025-12-27T09:16:50.781Z
26/12/2025	TN59AT0877	1	1511	No	2025-12-27T09:16:51.518Z
26/12/2025	TN59AT0877	1	1509	No	2025-12-27T09:16:52.276Z
26/12/2025	TN59AT0877	1	134	No	2025-12-27T09:16:52.586Z
26/12/2025	TN59AT0877	1	422	No	2025-12-27T09:16:53.091Z
26/12/2025	TN59AT0877	1	115	No	2025-12-27T09:16:53.394Z
26/12/2025	TN59AT0877	1	1504	No	2025-12-27T09:16:53.874Z
26/12/2025	TN59AT0877	1	119	No	2025-12-27T09:16:54.187Z
26/12/2025	TN59AT0877	1	311	No	2025-12-27T09:16:54.736Z
26/12/2025	TN59AT0877	1	431	No	2025-12-27T09:16:55.041Z
26/12/2025	TN59AT0877	1	1488	No	2025-12-27T09:16:55.652Z
26/12/2025	TN59AT0877	1	1571	No	2025-12-27T09:16:56.267Z
26/12/2025	TN59AT0877	1	312	No	2025-12-27T09:16:56.880Z
26/12/2025	TN59AT0877	1	1506	No	2025-12-27T09:16:57.200Z
26/12/2025	TN59AT0877	1	1526	No	2025-12-27T09:16:57.496Z
26/12/2025	TN59AT0877	1	313	No	2025-12-27T09:16:57.803Z
26/12/2025	TN59AT0877	1	1522	No	2025-12-27T09:16:58.106Z
26/12/2025	TN59AT0877	1	1476	No	2025-12-27T09:16:58.735Z
26/12/2025	TN59AT0877	1	1540	No	2025-12-27T09:16:59.077Z
26/12/2025	TN59AT0877	1	1570	No	2025-12-27T09:17:00.567Z
26/12/2025	TN59AT0877	1	336	No	2025-12-27T09:17:00.867Z
26/12/2025	TN59AT0877	1	1482	No	2025-12-27T09:17:01.181Z
26/12/2025	TN59AT0877	1	1525	No	2025-12-27T09:17:01.796Z
26/12/2025	TN59AT0877	1	133	No	2025-12-27T09:17:02.122Z
26/12/2025	TN59AT0877	1	1523	No	2025-12-27T09:17:02.717Z
26/12/2025	TN59AT0877	1	1478	No	2025-12-27T09:17:03.039Z
26/12/2025	TN59AT0877	1	1477	No	2025-12-27T09:17:03.341Z
26/12/2025	TN59AT0877	1	120	No	2025-12-27T09:17:04.360Z
26/12/2025	TN59AT0877	1	513	No	2025-12-27T09:17:04.670Z
26/12/2025	TN59AT0877	1	573	No	2025-12-27T09:17:05.175Z
26/12/2025	TN59AT0877	1	1473	No	2025-12-27T09:17:05.690Z
26/12/2025	TN59AT0877	1	1587	No	2025-12-27T09:17:05.993Z
26/12/2025	TN59AT0877	1	1485	No	2025-12-27T09:17:06.404Z
26/12/2025	TN59AT0877	1	196	No	2025-12-27T09:17:07.326Z
26/12/2025	TN59AT0877	1	1472	No	2025-12-27T09:17:07.621Z
26/12/2025	TN59AT0877	1	113	No	2025-12-27T09:17:08.912Z
26/12/2025	TN59AT0877	1	141	No	2025-12-27T09:17:09.208Z
26/12/2025	TN59AT0877	1	1500	No	2025-12-27T09:17:09.784Z
26/12/2025	TN59AT0877	1	1527	No	2025-12-27T09:17:10.399Z
26/12/2025	TN59AT0877	1	318	No	2025-12-27T09:17:11.012Z
26/12/2025	TN59AT0877	1	147	No	2025-12-27T09:17:11.626Z
26/12/2025	TN59AT0877	1	1481	No	2025-12-27T09:17:12.176Z
26/12/2025	TN59AT0877	1	1502	No	2025-12-27T09:17:12.487Z
26/12/2025	TN59AT0877	1	314	No	2025-12-27T09:17:12.855Z
26/12/2025	TN59AT0877	1	142	No	2025-12-27T09:17:13.216Z
26/12/2025	TN59AT0877	1	1539	No	2025-12-27T09:17:13.776Z
26/12/2025	TN59AT0877	1	1486	No	2025-12-27T09:17:14.090Z
26/12/2025	TN59AT0877	1	315	No	2025-12-27T09:17:14.787Z
26/12/2025	TN59AT0877	1	116	No	2025-12-27T09:17:15.312Z
26/12/2025	TN59AT0877	1	1499	No	2025-12-27T09:17:15.630Z
26/12/2025	TN59AT0877	1	1503	No	2025-12-27T09:17:16.234Z
26/12/2025	TN59AT0877	1	1484	No	2025-12-27T09:17:16.849Z
26/12/2025	TN59AT0877	1	121	No	2025-12-27T09:17:17.170Z
26/12/2025	TN59AT0877	1	1490	No	2025-12-27T09:17:17.729Z
26/12/2025	TN59AT0877	1	1474	No	2025-12-27T09:17:18.078Z
26/12/2025	TN59AT0877	1	424	No	2025-12-27T09:17:18.385Z
26/12/2025	TN59AT0877	1	139	No	2025-12-27T09:17:18.998Z
26/12/2025	TN59AT0877	1	1541	No	2025-12-27T09:17:19.613Z
26/12/2025	TN59AT0877	1	1475	No	2025-12-27T09:17:20.228Z
26/12/2025	TN59AT0877	1	23	No	2025-12-27T09:17:20.724Z
26/12/2025	TN59AT0877	1	1483	No	2025-12-27T09:17:21.149Z
26/12/2025	TN59AT0877	1	1489	No	2025-12-27T09:17:21.763Z
26/12/2025	TN59AT0877	1	1479	No	2025-12-27T09:17:22.684Z
26/12/2025	TN22BV4248	1	1586	No	2025-12-27T09:17:23.578Z
26/12/2025	TN22BV4248	1	1583	No	2025-12-27T09:17:23.887Z
26/12/2025	TN22BV4248	1	1426	No	2025-12-27T09:17:24.187Z
26/12/2025	TN22BV4248	1	1428	No	2025-12-27T09:17:24.499Z
26/12/2025	TN22BV4248	1	1466	No	2025-12-27T09:17:24.836Z
26/12/2025	TN22BV4248	1	1585	No	2025-12-27T09:17:25.128Z
26/12/2025	TN22BV4248	1	1444	No	2025-12-27T09:17:25.452Z
26/12/2025	TN22BV4248	1	1550	No	2025-12-27T09:17:25.757Z
26/12/2025	TN22BV4248	1	1423	No	2025-12-27T09:17:26.065Z
26/12/2025	TN22BV4248	1	1531	No	2025-12-27T09:17:26.381Z
26/12/2025	TN22BV4248	1	1581	No	2025-12-27T09:17:26.679Z
26/12/2025	TN22BV4248	1	1443	No	2025-12-27T09:17:27.294Z
26/12/2025	TN22BV4248	1	1543	No	2025-12-27T09:17:27.638Z
26/12/2025	TN22BV4248	1	1518	No	2025-12-27T09:17:27.942Z
26/12/2025	TN22BV4248	1	1576	No	2025-12-27T09:17:28.245Z
26/12/2025	TN22BV4248	1	1530	No	2025-12-27T09:17:28.548Z
26/12/2025	TN22BV4248	1	1436	No	2025-12-27T09:17:29.000Z
26/12/2025	TN22BV4248	1	840	No	2025-12-27T09:17:29.444Z
26/12/2025	TN22BV4248	1	1563	No	2025-12-27T09:17:30.058Z
26/12/2025	TN22BV4248	1	1548	No	2025-12-27T09:17:30.576Z
26/12/2025	TN22BV4248	1	1427	No	2025-12-27T09:17:30.897Z
26/12/2025	TN22BV4248	1	1536	No	2025-12-27T09:17:31.288Z
26/12/2025	TN22BV4248	1	1420	No	2025-12-27T09:17:31.902Z
26/12/2025	TN22BV4248	1	1549	No	2025-12-27T09:17:32.208Z
26/12/2025	TN22BV4248	1	1437	No	2025-12-27T09:17:32.516Z
26/12/2025	TN22BV4248	1	1575	No	2025-12-27T09:17:32.827Z
26/12/2025	TN22BV4248	1	1560	No	2025-12-27T09:17:33.368Z
26/12/2025	TN22BV4248	1	1433	No	2025-12-27T09:17:33.674Z
26/12/2025	TN22BV4248	1	1439	No	2025-12-27T09:17:34.051Z
26/12/2025	TN22BV4248	1	1521	No	2025-12-27T09:17:34.666Z
26/12/2025	TN22BV4248	1	1442	No	2025-12-27T09:17:35.281Z
26/12/2025	TN22BV4248	1	1435	No	2025-12-27T09:17:35.718Z
26/12/2025	TN22BV4248	1	1432	No	2025-12-27T09:17:36.513Z
26/12/2025	TN22BV4248	1	1574	No	2025-12-27T09:17:37.124Z
26/12/2025	TN22BV4248	1	1582	No	2025-12-27T09:17:37.438Z
26/12/2025	TN22BV4248	1	1557	No	2025-12-27T09:17:38.046Z
26/12/2025	TN22BV4248	1	1546	No	2025-12-27T09:17:38.353Z
26/12/2025	TN22BV4248	1	1577	No	2025-12-27T09:17:38.647Z
26/12/2025	TN22BV4248	1	1558	No	2025-12-27T09:17:38.941Z
26/12/2025	TN22BV4248	1	1542	No	2025-12-27T09:17:39.274Z
26/12/2025	TN22BV4248	1	1516	No	2025-12-27T09:17:39.581Z
26/12/2025	TN22BV4248	1	1578	No	2025-12-27T09:17:39.884Z
26/12/2025	TN22BV4248	1	1556	No	2025-12-27T09:17:40.503Z
26/12/2025	TN22BV4248	1	1547	No	2025-12-27T09:17:40.803Z
26/12/2025	TN22BV4248	1	1463	No	2025-12-27T09:17:41.118Z
26/12/2025	TN22BV4248	1	1430	No	2025-12-27T09:17:41.732Z
26/12/2025	TN22BV4248	1	1562	No	2025-12-27T09:17:42.178Z
26/12/2025	TN22BV4248	1	1434	No	2025-12-27T09:17:42.616Z
26/12/2025	TN22BV4248	1	1538	No	2025-12-27T09:17:42.960Z
26/12/2025	TN22BV4248	1	859	No	2025-12-27T09:17:43.268Z
26/12/2025	TN22BV4248	1	1424	No	2025-12-27T09:17:43.883Z
26/12/2025	TN22BV4248	1	1440	No	2025-12-27T09:17:44.183Z
26/12/2025	TN22BV4248	1	1470	No	2025-12-27T09:17:44.497Z
26/12/2025	TN22BV4248	1	1584	No	2025-12-27T09:17:45.109Z
26/12/2025	TN22BV4248	1	1555	No	2025-12-27T09:17:45.418Z
26/12/2025	TN22BV4248	1	664	No	2025-12-27T09:17:45.725Z
26/12/2025	TN22BV4248	1	1465	No	2025-12-27T09:17:46.340Z
26/12/2025	TN22BV4248	1	1429	No	2025-12-27T09:17:46.955Z
26/12/2025	TN22BV4248	1	1258	No	2025-12-27T09:17:47.276Z
26/12/2025	TN22BV4248	1	1441	No	2025-12-27T09:17:47.865Z
26/12/2025	TN22BV4248	1	1515	No	2025-12-27T09:17:48.491Z
26/12/2025	TN22BV4248	1	1422	No	2025-12-27T09:17:49.105Z
26/12/2025	TN22BV4248	1	867	No	2025-12-27T09:17:49.719Z
26/12/2025	TN22BV4248	1	1447	No	2025-12-27T09:17:50.027Z
26/12/2025	TN22BV4248	1	1545	No	2025-12-27T09:17:50.641Z
26/12/2025	TN22BV4248	1	1445	No	2025-12-27T09:17:50.968Z
26/12/2025	TN22BV4248	1	1552	No	2025-12-27T09:17:51.275Z
26/12/2025	TN22BV4248	1	1467	No	2025-12-27T09:17:51.869Z
26/12/2025	TN22BV4248	1	1494	No	2025-12-27T09:17:52.217Z
26/12/2025	TN22BV4248	1	1446	No	2025-12-27T09:17:52.520Z
26/12/2025	TN22BV4248	1	1421	No	2025-12-27T09:17:53.080Z
26/12/2025	TN22BV4248	1	1438	No	2025-12-27T09:17:53.707Z
26/12/2025	TN22BV4248	1	1497	No	2025-12-27T09:17:54.195Z
26/12/2025	TN22BV4248	1	1579	No	2025-12-27T09:17:54.636Z
26/12/2025	TN22BV4248	1	1553	No	2025-12-27T09:17:54.942Z
26/12/2025	TN22BV4248	1	1519	No	2025-12-27T09:17:55.236Z
26/12/2025	TN22BV4248	1	1495	No	2025-12-27T09:17:55.547Z
26/12/2025	TN22BV4248	1	1580	No	2025-12-27T09:17:55.863Z
26/12/2025	TN22BV4248	1	1551	No	2025-12-27T09:17:57.093Z
26/12/2025	TN22BV4248	1	1425	No	2025-12-27T09:17:57.514Z
26/12/2025	TN22BV4248	1	1496	No	2025-12-27T09:17:57.821Z
26/12/2025	TN22BV4248	1	1561	No	2025-12-27T09:17:58.311Z
26/12/2025	TN22BV4248	1	1554	No	2025-12-27T09:17:58.628Z
26/12/2025	TN22BV4248	1	1544	No	2025-12-27T09:17:59.242Z
26/12/2025	TN22BV4248	1	1464	No	2025-12-27T09:17:59.858Z
26/12/2025	TN59AT0877	2	854	No	2025-12-27T09:18:01.086Z
26/12/2025	TN59AT0877	2	858	No	2025-12-27T09:18:01.397Z
26/12/2025	TN59AT0877	2	135	No	2025-12-27T09:18:02.007Z
26/12/2025	TN59AT0877	2	131	No	2025-12-27T09:18:02.336Z
26/12/2025	TN59AT0877	2	863	No	2025-12-27T09:18:02.917Z
26/12/2025	TN59AT0877	2	864	No	2025-12-27T09:18:03.369Z
26/12/2025	TN59AT0877	2	110	No	2025-12-27T09:18:03.676Z
26/12/2025	TN59AT0877	2	123	No	2025-12-27T09:18:04.157Z
26/12/2025	TN59AT0877	2	829	No	2025-12-27T09:18:04.772Z
26/12/2025	TN59AT0877	2	862	No	2025-12-27T09:18:05.387Z
26/12/2025	TN59AT0877	2	1603	No	2025-12-27T09:18:05.723Z
26/12/2025	TN59AT0877	2	1599	No	2025-12-27T09:18:06.036Z
26/12/2025	TN59AT0877	2	852	No	2025-12-27T09:18:06.443Z
26/12/2025	TN59AT0877	2	107	No	2025-12-27T09:18:06.923Z
26/12/2025	TN59AT0877	2	1573	No	2025-12-27T09:18:07.234Z
26/12/2025	TN59AT0877	2	124	No	2025-12-27T09:18:07.537Z
26/12/2025	TN59AT0877	2	857	No	2025-12-27T09:18:08.152Z
26/12/2025	TN59AT0877	2	108	No	2025-12-27T09:18:08.711Z
26/12/2025	TN59AT0877	2	1566	No	2025-12-27T09:18:09.379Z
26/12/2025	TN59AT0877	2	1568	No	2025-12-27T09:18:09.994Z
26/12/2025	TN59AT0877	2	860	No	2025-12-27T09:18:10.609Z
26/12/2025	TN59AT0877	2	846	No	2025-12-27T09:18:11.224Z
26/12/2025	TN59AT0877	2	1621	No	2025-12-27T09:18:11.563Z
26/12/2025	TN59AT0877	2	137	No	2025-12-27T09:18:12.145Z
26/12/2025	TN59AT0877	2	856	No	2025-12-27T09:18:12.469Z
26/12/2025	TN59AT0877	2	1535	No	2025-12-27T09:18:13.177Z
26/12/2025	TN59AT0877	2	1589	No	2025-12-27T09:18:13.545Z
26/12/2025	TN59AT0877	2	1508	No	2025-12-27T09:18:13.988Z
26/12/2025	TN59AT0877	2	850	No	2025-12-27T09:18:14.299Z
26/12/2025	TN59AT0877	2	1517	No	2025-12-27T09:18:14.798Z
26/12/2025	TN59AT0877	2	1596	No	2025-12-27T09:18:15.111Z
26/12/2025	TN59AT0877	2	327	No	2025-12-27T09:18:15.418Z
26/12/2025	TN59AT0877	2	792	No	2025-12-27T09:18:15.831Z
26/12/2025	TN59AT0877	2	1537	No	2025-12-27T09:18:16.446Z
26/12/2025	TN59AT0877	2	111	No	2025-12-27T09:18:17.060Z
26/12/2025	TN59AT0877	2	1601	No	2025-12-27T09:18:17.398Z
26/12/2025	TN59AT0877	2	853	No	2025-12-27T09:18:17.928Z
26/12/2025	TN59AT0877	2	855	No	2025-12-27T09:18:18.289Z
26/12/2025	TN59AT0877	2	136	No	2025-12-27T09:18:18.666Z
26/12/2025	TN59AT0877	2	1600	No	2025-12-27T09:18:19.212Z
26/12/2025	TN59AT0877	2	1534	No	2025-12-27T09:18:19.825Z
26/12/2025	TN59AT0877	2	1569	No	2025-12-27T09:18:20.439Z
26/12/2025	TN59AT0877	2	130	No	2025-12-27T09:18:21.045Z
26/12/2025	TN59AT0877	2	1600	No	2025-12-27T09:18:21.365Z
26/12/2025	TN59AT0877	2	865	No	2025-12-27T09:18:21.668Z
26/12/2025	TN59AT0877	2	1487	No	2025-12-27T09:18:22.283Z
26/12/2025	TN59AT0877	2	122	No	2025-12-27T09:18:22.896Z
26/12/2025	TN59AT0877	2	109	No	2025-12-27T09:18:23.204Z
26/12/2025	TN59AT0877	2	1533	No	2025-12-27T09:18:23.508Z
26/12/2025	TN59AT0877	2	106	No	2025-12-27T09:18:23.806Z
26/12/2025	TN59AT0877	2	192	No	2025-12-27T09:18:24.117Z
26/12/2025	TN59AT0877	2	1597	No	2025-12-27T09:18:24.702Z
26/12/2025	TN59AT0877	2	1602	No	2025-12-27T09:18:25.048Z
26/12/2025	TN59AT0877	2	1528	No	2025-12-27T09:18:25.345Z
26/12/2025	TN59AT0877	2	1609	No	2025-12-27T09:18:25.662Z
26/12/2025	TN59AT0877	2	112	No	2025-12-27T09:18:25.970Z
26/12/2025	TN59AT0877	2	1604	No	2025-12-27T09:18:26.478Z
26/12/2025	TN59AT0877	2	1667	No	2025-12-27T09:18:26.890Z
26/12/2025	TN59AT0877	2	1567	No	2025-12-27T09:18:27.201Z
26/12/2025	TN59AT0877	2	1598	No	2025-12-27T09:18:27.720Z
26/12/2025	TN59AT0877	2	1451	No	2025-12-27T09:18:28.038Z
26/12/2025	TN59AT0877	2	129	No	2025-12-27T09:18:28.381Z
26/12/2025	TN59AT0877	2	321	No	2025-12-27T09:18:28.733Z
26/12/2025	TN59AT0877	2	310	No	2025-12-27T09:18:29.041Z
26/12/2025	TN59AT0877	2	866	No	2025-12-27T09:18:29.348Z
26/12/2025	TN59AT0877	2	1620	No	2025-12-27T09:18:29.655Z
26/12/2025	TN59AT0877	2	105	No	2025-12-27T09:18:30.270Z
26/12/2025	TN59AT0877	2	1593	No	2025-12-27T09:18:30.884Z
26/12/2025	TN59AT0877	2	848	No	2025-12-27T09:18:31.499Z
26/12/2025	TN59AT0877	2	1615	No	2025-12-27T09:18:32.113Z
26/12/2025	TN59AT0877	2	1510	No	2025-12-27T09:18:32.429Z
26/12/2025	TN59AT0877	2	1595	No	2025-12-27T09:18:32.731Z
26/12/2025	TN59AT0877	2	720	No	2025-12-27T09:18:33.036Z
26/12/2025	TN59AT0877	2	1618	No	2025-12-27T09:18:33.368Z
26/12/2025	TN59AT0877	2	1572	No	2025-12-27T09:18:33.666Z
26/12/2025	TN59AT0877	2	1591	No	2025-12-27T09:18:33.975Z
26/12/2025	TN59AT0877	2	1520	No	2025-12-27T09:18:34.570Z
26/12/2025	TN59AT0877	2	1588	No	2025-12-27T09:18:35.185Z
26/12/2025	TN59AT0877	2	125	No	2025-12-27T09:18:35.498Z
26/12/2025	TN59AT0877	2	1565	No	2025-12-27T09:18:36.107Z
26/12/2025	TN59AT0877	2	1532	No	2025-12-27T09:18:36.721Z
26/12/2025	TN59AT0877	2	126	No	2025-12-27T09:18:37.336Z
26/12/2025	TN59AT0877	2	132	No	2025-12-27T09:18:37.909Z
26/12/2025	TN59AT0877	2	1594	No	2025-12-27T09:18:38.257Z
26/12/2025	TN22BV4248	2	1468	No	2025-12-27T09:18:38.868Z
26/12/2025	TN22BV4248	2	1090	No	2025-12-27T09:18:39.173Z
26/12/2025	TN22BV4248	2	1629	No	2025-12-27T09:18:39.486Z
26/12/2025	TN22BV4248	2	1652	No	2025-12-27T09:18:40.100Z
26/12/2025	TN22BV4248	2	1645	No	2025-12-27T09:18:40.398Z
26/12/2025	TN22BV4248	2	1736	No	2025-12-27T09:18:40.714Z
26/12/2025	TN22BV4248	2	1678	No	2025-12-27T09:18:41.022Z
26/12/2025	TN22BV4248	2	1649	No	2025-12-27T09:18:41.525Z
26/12/2025	TN22BV4248	2	1647	No	2025-12-27T09:18:41.943Z
26/12/2025	TN22BV4248	2	793	No	2025-12-27T09:18:42.266Z
26/12/2025	TN22BV4248	2	1407	No	2025-12-27T09:18:42.568Z
26/12/2025	TN22BV4248	2	1635	No	2025-12-27T09:18:42.871Z
26/12/2025	TN22BV4248	2	1657	No	2025-12-27T09:18:43.172Z
26/12/2025	TN22BV4248	2	1234	No	2025-12-27T09:18:43.462Z
26/12/2025	TN22BV4248	2	1642	No	2025-12-27T09:18:43.758Z
26/12/2025	TN22BV4248	2	1650	No	2025-12-27T09:18:44.070Z
26/12/2025	TN22BV4248	2	1070	No	2025-12-27T09:18:44.422Z
26/12/2025	TN22BV4248	2	1089	No	2025-12-27T09:18:45.015Z
26/12/2025	TN22BV4248	2	1391	No	2025-12-27T09:18:45.327Z
26/12/2025	TN22BV4248	2	1634	No	2025-12-27T09:18:45.630Z
26/12/2025	TN22BV4248	2	1450	No	2025-12-27T09:18:45.937Z
26/12/2025	TN22BV4248	2	1448	No	2025-12-27T09:18:46.552Z
26/12/2025	TN22BV4248	2	1378	No	2025-12-27T09:18:46.862Z
26/12/2025	TN22BV4248	2	1654	No	2025-12-27T09:18:47.411Z
26/12/2025	TN22BV4248	2	1408	No	2025-12-27T09:18:47.781Z
26/12/2025	TN22BV4248	2	1230	No	2025-12-27T09:18:48.087Z
26/12/2025	TN22BV4248	2	861	No	2025-12-27T09:18:48.395Z
26/12/2025	TN22BV4248	2	1674	No	2025-12-27T09:18:48.745Z
26/12/2025	TN22BV4248	2	1390	No	2025-12-27T09:18:49.041Z
26/12/2025	TN22BV4248	2	1384	No	2025-12-27T09:18:49.337Z
26/12/2025	TN22BV4248	2	849	No	2025-12-27T09:18:49.650Z
26/12/2025	TN22BV4248	2	1605	No	2025-12-27T09:18:50.238Z
26/12/2025	TN22BV4248	2	1159	No	2025-12-27T09:18:50.854Z
26/12/2025	TN22BV4248	2	836	No	2025-12-27T09:18:51.201Z
26/12/2025	TN22BV4248	2	1267	No	2025-12-27T09:18:51.774Z
26/12/2025	TN22BV4248	2	1643	No	2025-12-27T09:18:52.388Z
26/12/2025	TN22BV4248	2	1644	No	2025-12-27T09:18:53.003Z
26/12/2025	TN22BV4248	2	1640	No	2025-12-27T09:18:53.318Z
26/12/2025	TN22BV4248	2	1627	No	2025-12-27T09:18:53.794Z
26/12/2025	TN22BV4248	2	1636	No	2025-12-27T09:18:54.199Z
26/12/2025	TN22BV4248	2	1387	No	2025-12-27T09:18:54.538Z
26/12/2025	TN22BV4248	2	1454	No	2025-12-27T09:18:54.846Z
26/12/2025	TN22BV4248	2	1381	No	2025-12-27T09:18:55.462Z
26/12/2025	TN22BV4248	2	1637	No	2025-12-27T09:18:55.767Z
26/12/2025	TN22BV4248	2	1143	No	2025-12-27T09:18:56.075Z
26/12/2025	TN22BV4248	2	722	No	2025-12-27T09:18:56.569Z
26/12/2025	TN22BV4248	2	1404	No	2025-12-27T09:18:57.304Z
26/12/2025	TN22BV4248	2	1675	No	2025-12-27T09:18:57.808Z
26/12/2025	TN22BV4248	2	1372	No	2025-12-27T09:18:58.179Z
26/12/2025	TN22BV4248	2	830	No	2025-12-27T09:18:58.485Z
26/12/2025	TN22BV4248	2	845	No	2025-12-27T09:18:58.840Z
26/12/2025	TN22BV4248	2	1677	No	2025-12-27T09:18:59.141Z
26/12/2025	TN22BV4248	2	1385	No	2025-12-27T09:18:59.446Z
26/12/2025	TN22BV4248	2	1632	No	2025-12-27T09:18:59.761Z
26/12/2025	TN22BV4248	2	158	No	2025-12-27T09:19:00.068Z
26/12/2025	TN22BV4248	2	1641	No	2025-12-27T09:19:00.683Z
26/12/2025	TN22BV4248	2	1386	No	2025-12-27T09:19:01.297Z
26/12/2025	TN22BV4248	2	721	No	2025-12-27T09:19:01.911Z
26/12/2025	TN22BV4248	2	847	No	2025-12-27T09:19:02.471Z
26/12/2025	TN22BV4248	2	1413	No	2025-12-27T09:19:02.833Z
26/12/2025	TN22BV4248	2	1383	No	2025-12-27T09:19:03.130Z
26/12/2025	TN22BV4248	2	1631	No	2025-12-27T09:19:03.431Z
26/12/2025	TN22BV4248	2	1633	No	2025-12-27T09:19:03.778Z
26/12/2025	TN22BV4248	2	1651	No	2025-12-27T09:19:04.079Z
26/12/2025	TN22BV4248	2	1452	No	2025-12-27T09:19:04.676Z
26/12/2025	TN22BV4248	2	1630	No	2025-12-27T09:19:05.291Z
26/12/2025	TN22BV4248	2	638	No	2025-12-27T09:19:05.905Z
26/12/2025	TN22BV4248	2	1646	No	2025-12-27T09:19:06.342Z
26/12/2025	TN22BV4248	2	1380	No	2025-12-27T09:19:06.827Z
26/12/2025	TN22BV4248	2	1639	No	2025-12-27T09:19:07.441Z
26/12/2025	TN22BV4248	2	1655	No	2025-12-27T09:19:08.056Z
26/12/2025	TN22BV4248	2	1656	No	2025-12-27T09:19:08.670Z
26/12/2025	TN22BV4248	2	1382	No	2025-12-27T09:19:09.284Z
26/12/2025	TN22BV4248	2	701	No	2025-12-27T09:19:09.899Z
26/12/2025	TN22BV4248	2	1648	No	2025-12-27T09:19:10.278Z
26/12/2025	TN22BV4248	2	1361	No	2025-12-27T09:19:11.130Z
26/12/2025	TN22BV4248	2	1418	No	2025-12-27T09:19:11.628Z
26/12/2025	TN22BV4248	2	1676	No	2025-12-27T09:19:12.049Z
26/12/2025	TN22BV4248	2	1526	No	2025-12-27T09:19:12.351Z
26/12/2025	TN22BV4248	2	1419	No	2025-12-27T09:19:12.663Z
26/12/2025	TN22BV4248	2	1449	No	2025-12-27T09:19:12.971Z
26/12/2025	TN22BV4248	2	1638	No	2025-12-27T09:19:13.278Z
26/12/2025	TN22BV4248	2	1628	No	2025-12-27T09:19:13.580Z
26/12/2025	TN22BV4248	2	1388	No	2025-12-27T09:19:13.893Z
26/12/2025	TN22BV4248	2	1405	No	2025-12-27T09:19:14.194Z
26/12/2025	TN59AT0877	3	1453	No	2025-12-27T09:19:14.814Z
26/12/2025	TN59AT0877	3	1791	No	2025-12-27T09:19:15.228Z
26/12/2025	TN59AT0877	3	1720	No	2025-12-27T09:19:15.536Z
26/12/2025	TN59AT0877	3	1706	No	2025-12-27T09:19:15.832Z
26/12/2025	TN59AT0877	3	1710	No	2025-12-27T09:19:16.350Z
26/12/2025	TN59AT0877	3	1774	No	2025-12-27T09:19:16.965Z
26/12/2025	TN59AT0877	3	1744	No	2025-12-27T09:19:17.282Z
26/12/2025	TN59AT0877	3	1776	No	2025-12-27T09:19:17.577Z
26/12/2025	TN59AT0877	3	1775	No	2025-12-27T09:19:18.809Z
26/12/2025	TN59AT0877	3	1799	No	2025-12-27T09:19:19.106Z
26/12/2025	TN59AT0877	3	1777	No	2025-12-27T09:19:19.422Z
26/12/2025	TN59AT0877	3	1802	No	2025-12-27T09:19:19.716Z
26/12/2025	TN59AT0877	3	1735	No	2025-12-27T09:19:20.023Z
26/12/2025	TN59AT0877	3	1793	No	2025-12-27T09:19:20.394Z
26/12/2025	TN59AT0877	3	1784	No	2025-12-27T09:19:20.882Z
26/12/2025	TN59AT0877	3	1782	No	2025-12-27T09:19:21.195Z
26/12/2025	TN59AT0877	3	1779	No	2025-12-27T09:19:21.573Z
26/12/2025	TN59AT0877	3	1734	No	2025-12-27T09:19:21.912Z
26/12/2025	TN59AT0877	3	1732	No	2025-12-27T09:19:22.494Z
26/12/2025	TN59AT0877	3	1730	No	2025-12-27T09:19:23.109Z
26/12/2025	TN59AT0877	3	1733	No	2025-12-27T09:19:23.725Z
26/12/2025	TN59AT0877	3	1800	No	2025-12-27T09:19:24.032Z
26/12/2025	TN59AT0877	3	1708	No	2025-12-27T09:19:24.332Z
26/12/2025	TN59AT0877	3	1727	No	2025-12-27T09:19:24.647Z
26/12/2025	TN59AT0877	3	1670	No	2025-12-27T09:19:25.258Z
26/12/2025	TN59AT0877	3	1711	No	2025-12-27T09:19:25.595Z
26/12/2025	TN59AT0877	3	1694	No	2025-12-27T09:19:26.813Z
26/12/2025	TN59AT0877	3	1718	No	2025-12-27T09:19:27.410Z
26/12/2025	TN59AT0877	3	1714	No	2025-12-27T09:19:27.717Z
26/12/2025	TN59AT0877	3	1689	No	2025-12-27T09:19:28.021Z
26/12/2025	TN59AT0877	3	1700	No	2025-12-27T09:19:28.321Z
26/12/2025	TN59AT0877	3	1780	No	2025-12-27T09:19:28.629Z
26/12/2025	TN59AT0877	3	1610	No	2025-12-27T09:19:28.946Z
26/12/2025	TN59AT0877	3	1686	No	2025-12-27T09:19:29.551Z
26/12/2025	TN59AT0877	3	1616	No	2025-12-27T09:19:30.174Z
26/12/2025	TN59AT0877	3	1665	No	2025-12-27T09:19:30.789Z
26/12/2025	TN59AT0877	3	1661	No	2025-12-27T09:19:31.403Z
26/12/2025	TN59AT0877	3	1803	No	2025-12-27T09:19:31.724Z
26/12/2025	TN59AT0877	3	1698	No	2025-12-27T09:19:32.027Z
26/12/2025	TN59AT0877	3	1623	No	2025-12-27T09:19:32.632Z
26/12/2025	TN59AT0877	3	1721	No	2025-12-27T09:19:32.953Z
26/12/2025	TN59AT0877	3	1724	No	2025-12-27T09:19:33.278Z
26/12/2025	TN59AT0877	3	1619	No	2025-12-27T09:19:33.586Z
26/12/2025	TN59AT0877	3	1804	No	2025-12-27T09:19:33.887Z
26/12/2025	TN59AT0877	3	1607	No	2025-12-27T09:19:34.193Z
26/12/2025	TN59AT0877	3	1624	No	2025-12-27T09:19:34.782Z
26/12/2025	TN59AT0877	3	1712	No	2025-12-27T09:19:35.397Z
26/12/2025	TN59AT0877	3	1625	No	2025-12-27T09:19:36.011Z
26/12/2025	TN59AT0877	3	1622	No	2025-12-27T09:19:36.626Z
26/12/2025	TN59AT0877	3	1713	No	2025-12-27T09:19:37.240Z
26/12/2025	TN59AT0877	3	1691	No	2025-12-27T09:19:37.557Z
26/12/2025	TN59AT0877	3	1617	No	2025-12-27T09:19:38.162Z
26/12/2025	TN59AT0877	3	1722	No	2025-12-27T09:19:38.497Z
26/12/2025	TN59AT0877	3	1695	No	2025-12-27T09:19:38.800Z
26/12/2025	TN59AT0877	3	1668	No	2025-12-27T09:19:39.100Z
26/12/2025	TN59AT0877	3	1725	No	2025-12-27T09:19:39.699Z
26/12/2025	TN59AT0877	3	1671	No	2025-12-27T09:19:40.312Z
26/12/2025	TN59AT0877	3	1684	No	2025-12-27T09:19:40.754Z
26/12/2025	TN59AT0877	3	1716	No	2025-12-27T09:19:41.233Z
26/12/2025	TN59AT0877	3	1606	No	2025-12-27T09:19:42.155Z
26/12/2025	TN59AT0877	3	1705	No	2025-12-27T09:19:42.471Z
26/12/2025	TN59AT0877	3	1699	No	2025-12-27T09:19:42.780Z
26/12/2025	TN59AT0877	3	1608	No	2025-12-27T09:19:43.074Z
26/12/2025	TN59AT0877	3	1704	No	2025-12-27T09:19:43.385Z
26/12/2025	TN59AT0877	3	1703	No	2025-12-27T09:19:43.689Z
26/12/2025	TN59AT0877	3	1669	No	2025-12-27T09:19:43.998Z
26/12/2025	TN59AT0877	3	1663	No	2025-12-27T09:19:44.306Z
26/12/2025	TN59AT0877	3	1719	No	2025-12-27T09:19:44.613Z
26/12/2025	TN59AT0877	3	1673	No	2025-12-27T09:19:45.227Z
26/12/2025	TN59AT0877	3	1664	No	2025-12-27T09:19:45.528Z
26/12/2025	TN59AT0877	3	1688	No	2025-12-27T09:19:45.846Z
26/12/2025	TN59AT0877	3	1666	No	2025-12-27T09:19:46.456Z
26/12/2025	TN59AT0877	3	1715	No	2025-12-27T09:19:46.806Z
26/12/2025	TN59AT0877	3	1929	No	2025-12-27T09:19:47.377Z
26/12/2025	TN59AT0877	3	1672	No	2025-12-27T09:19:47.800Z
26/12/2025	TN59AT0877	3	1708	No	2025-12-27T09:19:48.187Z
26/12/2025	TN59AT0877	3	1612	No	2025-12-27T09:19:48.607Z
26/12/2025	TN59AT0877	3	1611	No	2025-12-27T09:19:48.912Z
27/12/2025	TN22BV4248	1	1962	No	2025-12-27T08:06:16.438Z
27/12/2025	TN22BV4248	1	1679	No	2025-12-27T08:06:47.588Z
27/12/2025	TN22BV4248	1	2017	No	2025-12-27T08:06:52.730Z
27/12/2025	TN22BV4248	1	1797	No	2025-12-27T08:07:14.870Z
27/12/2025	TN22BV4248	1	1683	No	2025-12-27T08:07:22.287Z
27/12/2025	TN22BV4248	1	1769	No	2025-12-27T08:07:38.886Z
27/12/2025	TN22BV4248	1	1762	No	2025-12-27T08:07:46.801Z
27/12/2025	TN22BV4248	1	1760	No	2025-12-27T08:08:20.306Z
27/12/2025	TN22BV4248	1	1758	No	2025-12-27T08:08:32.775Z
27/12/2025	TN22BV4248	1	1765	No	2025-12-27T08:08:50.837Z
27/12/2025	TN22BV4248	1	1759	No	2025-12-27T08:09:03.353Z
27/12/2025	TN22BV4248	1	1768	No	2025-12-27T08:09:21.431Z
27/12/2025	TN22BV4248	1	1764	No	2025-12-27T08:09:28.251Z
27/12/2025	TN22BV4248	1	1788	No	2025-12-27T08:09:57.117Z
27/12/2025	TN22BV4248	1	1794	No	2025-12-27T08:10:20.667Z
27/12/2025	TN22BV4248	1	1766	No	2025-12-27T08:10:28.488Z
27/12/2025	TN22BV4248	1	1767	No	2025-12-27T08:10:56.612Z
27/12/2025	TN22BV4248	1	1787	No	2025-12-27T08:11:06.836Z
27/12/2025	TN22BV4248	1	1763	No	2025-12-27T08:11:31.689Z
27/12/2025	TN22BV4248	1	1757	No	2025-12-27T08:11:56.896Z
27/12/2025	TN22BV4248	1	1783	No	2025-12-27T08:12:10.428Z
27/12/2025	TN22BV4248	1	1756	No	2025-12-27T08:21:40.105Z
27/12/2025	TN22BV4248	1	1752	No	2025-12-27T08:21:49.226Z
27/12/2025	TN22BV4248	1	1761	No	2025-12-27T08:22:09.176Z
27/12/2025	TN22BV4248	1	1786	No	2025-12-27T08:22:15.629Z
27/12/2025	TN22BV4248	1	1750	No	2025-12-27T08:22:55.714Z
27/12/2025	TN22BV4248	1	1748	No	2025-12-27T08:23:07.031Z
27/12/2025	TN22BV4248	1	1796	No	2025-12-27T08:23:30.579Z
27/12/2025	TN22BV4248	1	1935	No	2025-12-27T08:23:51.707Z
27/12/2025	TN22BV4248	1	1961	No	2025-12-27T08:24:09.530Z
27/12/2025	TN22BV4248	1	1960	No	2025-12-27T08:24:28.455Z
27/12/2025	TN22BV4248	1	1790	No	2025-12-27T08:24:45.203Z
27/12/2025	TN22BV4248	1	1778	No	2025-12-27T08:24:54.377Z
27/12/2025	TN22BV4248	1	1753	No	2025-12-27T08:25:13.053Z
27/12/2025	TN22BV4248	1	1757	Yes	2025-12-27T08:25:25.430Z
27/12/2025	TN22BV4248	1	1754	No	2025-12-27T08:25:57.166Z
27/12/2025	TN22BV4248	1	1755	No	2025-12-27T08:26:02.161Z
27/12/2025	TN22BV4248	1	1696	No	2025-12-27T08:26:29.822Z
27/12/2025	TN22BV4248	1	1789	No	2025-12-27T08:26:42.911Z
27/12/2025	TN22BV4248	1	1838	No	2025-12-27T08:26:58.853Z
27/12/2025	TN22BV4248	1	1781	No	2025-12-27T08:27:14.286Z
27/12/2025	TN22BV4248	1	1795	No	2025-12-27T08:27:40.137Z
27/12/2025	TN22BV4248	1	1701	No	2025-12-27T08:28:14.118Z
27/12/2025	TN22BV4248	1	1964	No	2025-12-27T08:28:18.681Z
27/12/2025	TN22BV4248	1	1741	No	2025-12-27T08:28:21.899Z
27/12/2025	TN22BV4248	1	1742	No	2025-12-27T08:28:33.415Z
27/12/2025	TN22BV4248	1	2024	No	2025-12-27T08:28:46.628Z
27/12/2025	TN22BV4248	1	2062	No	2025-12-27T08:28:49.246Z
27/12/2025	TN22BV4248	1	2061	No	2025-12-27T08:28:55.153Z
27/12/2025	TN22BV4248	1	2065	No	2025-12-27T08:28:57.642Z
27/12/2025	TN22BV4248	1	2060	No	2025-12-27T08:28:59.941Z
27/12/2025	TN22BV4248	1	2058	No	2025-12-27T08:29:03.074Z
27/12/2025	TN22BV4248	1	2056	No	2025-12-27T08:29:06.652Z
27/12/2025	TN22BV4248	1	2026	No	2025-12-27T08:29:08.630Z
27/12/2025	TN22BV4248	1	2057	No	2025-12-27T08:29:11.612Z
27/12/2025	TN22BV4248	1	2032	No	2025-12-27T08:29:13.962Z
27/12/2025	TN22BV4248	1	2023	No	2025-12-27T08:29:16.105Z
27/12/2025	TN22BV4248	1	2033	No	2025-12-27T08:29:18.259Z
27/12/2025	TN22BV4248	1	2027	No	2025-12-27T08:29:19.890Z
27/12/2025	TN22BV4248	1	1682	No	2025-12-27T08:29:22.504Z
27/12/2025	TN22BV4248	1	2021	No	2025-12-27T08:29:24.233Z
27/12/2025	TN22BV4248	1	1963	No	2025-12-27T08:29:27.213Z
27/12/2025	TN22BV4248	1	2055	No	2025-12-27T08:29:28.791Z
27/12/2025	TN22BV4248	1	2053	No	2025-12-27T08:29:31.644Z
27/12/2025	TN22BV4248	1	2019	No	2025-12-27T08:29:36.869Z
27/12/2025	TN22BV4248	1	2054	No	2025-12-27T08:29:38.703Z
27/12/2025	TN22BV4248	1	2052	No	2025-12-27T08:29:40.903Z
27/12/2025	TN22BV4248	1	2050	No	2025-12-27T08:29:42.672Z
27/12/2025	TN22BV4248	1	2020	No	2025-12-27T08:29:44.350Z
27/12/2025	TN22BV4248	1	2028	No	2025-12-27T08:29:47.645Z
27/12/2025	TN22BV4248	1	2018	No	2025-12-27T08:29:50.337Z
27/12/2025	TN22BV4248	1	2012	No	2025-12-27T08:29:58.279Z
27/12/2025	TN22BV4248	1	2049	No	2025-12-27T08:30:02.004Z
27/12/2025	TN22BV4248	1	2022	No	2025-12-27T08:30:03.946Z
27/12/2025	TN22BV4248	1	1772	No	2025-12-27T08:30:07.145Z
27/12/2025	TN22BV4248	1	2013	No	2025-12-27T08:30:11.035Z
27/12/2025	TN22BV4248	1	1680	No	2025-12-27T08:30:13.885Z
27/12/2025	TN22BV4248	1	0322	No	2025-12-27T08:30:17.092Z
27/12/2025	TN22BV4248	1	1681	No	2025-12-27T08:30:20.537Z
27/12/2025	TN22BV4248	1	319	No	2025-12-27T08:30:27.752Z
27/12/2025	TN22BV4248	1	2015	No	2025-12-27T08:30:32.332Z
27/12/2025	TN22BV4248	1	2016	No	2025-12-27T08:30:36.090Z
27/12/2025	TN22BV4248	1	323	No	2025-12-27T08:30:37.773Z
27/12/2025	TN22BV4248	1	2014	No	2025-12-27T08:30:40.692Z
27/12/2025	TN22BV4248	1	1170	No	2025-12-27T08:30:42.989Z
27/12/2025	TN22BV4248	1	1771	No	2025-12-27T08:30:46.283Z
27/12/2025	TN59AT0877	1	1745	No	2025-12-27T09:19:51.928Z
27/12/2025	TN59AT0877	1	1915	No	2025-12-27T09:19:52.293Z
27/12/2025	TN59AT0877	1	1910	No	2025-12-27T09:19:52.600Z
27/12/2025	TN59AT0877	1	1837	No	2025-12-27T09:19:53.079Z
27/12/2025	TN59AT0877	1	1808	No	2025-12-27T09:19:53.523Z
27/12/2025	TN59AT0877	1	1702	No	2025-12-27T09:19:53.822Z
27/12/2025	TN59AT0877	1	1921	No	2025-12-27T09:19:54.120Z
27/12/2025	TN59AT0877	1	1864	No	2025-12-27T09:19:54.421Z
27/12/2025	TN59AT0877	1	1840	No	2025-12-27T09:19:54.750Z
27/12/2025	TN59AT0877	1	1749	No	2025-12-27T09:19:55.057Z
27/12/2025	TN59AT0877	1	1731	No	2025-12-27T09:19:55.356Z
27/12/2025	TN59AT0877	1	1924	No	2025-12-27T09:19:55.654Z
27/12/2025	TN59AT0877	1	1916	No	2025-12-27T09:19:55.979Z
27/12/2025	TN59AT0877	1	1687	No	2025-12-27T09:19:56.275Z
27/12/2025	TN59AT0877	1	1728	No	2025-12-27T09:19:56.582Z
27/12/2025	TN59AT0877	1	1865	No	2025-12-27T09:19:56.879Z
27/12/2025	TN59AT0877	1	1919	No	2025-12-27T09:19:57.593Z
27/12/2025	TN59AT0877	1	1692	No	2025-12-27T09:19:57.965Z
27/12/2025	TN59AT0877	1	1851	No	2025-12-27T09:19:58.436Z
27/12/2025	TN59AT0877	1	1785	No	2025-12-27T09:19:58.754Z
27/12/2025	TN59AT0877	1	1936	No	2025-12-27T09:19:59.065Z
27/12/2025	TN59AT0877	1	1743	No	2025-12-27T09:19:59.368Z
27/12/2025	TN59AT0877	1	1844	No	2025-12-27T09:19:59.662Z
27/12/2025	TN59AT0877	1	1862	No	2025-12-27T09:19:59.969Z
27/12/2025	TN59AT0877	1	1927	No	2025-12-27T09:20:00.440Z
27/12/2025	TN59AT0877	1	1842	No	2025-12-27T09:20:00.738Z
27/12/2025	TN59AT0877	1	1850	No	2025-12-27T09:20:01.204Z
27/12/2025	TN59AT0877	1	1926	No	2025-12-27T09:20:01.817Z
27/12/2025	TN59AT0877	1	1906	No	2025-12-27T09:20:02.146Z
27/12/2025	TN59AT0877	1	1773	No	2025-12-27T09:20:02.517Z
27/12/2025	TN59AT0877	1	1867	No	2025-12-27T09:20:02.830Z
27/12/2025	TN59AT0877	1	1918	No	2025-12-27T09:20:03.129Z
27/12/2025	TN59AT0877	1	1859	No	2025-12-27T09:20:03.426Z
27/12/2025	TN59AT0877	1	1740	No	2025-12-27T09:20:03.948Z
27/12/2025	TN59AT0877	1	1846	No	2025-12-27T09:20:04.260Z
27/12/2025	TN59AT0877	1	1853	No	2025-12-27T09:20:04.557Z
27/12/2025	TN59AT0877	1	1693	No	2025-12-27T09:20:04.889Z
27/12/2025	TN59AT0877	1	1738	No	2025-12-27T09:20:05.196Z
27/12/2025	TN59AT0877	1	1690	No	2025-12-27T09:20:05.810Z
27/12/2025	TN59AT0877	1	1855	No	2025-12-27T09:20:06.425Z
27/12/2025	TN59AT0877	1	1852	No	2025-12-27T09:20:06.921Z
27/12/2025	TN59AT0877	1	1739	No	2025-12-27T09:20:07.345Z
27/12/2025	TN59AT0877	1	1866	No	2025-12-27T09:20:07.652Z
27/12/2025	TN59AT0877	1	1858	No	2025-12-27T09:20:08.357Z
27/12/2025	TN59AT0877	1	1737	No	2025-12-27T09:20:08.882Z
27/12/2025	TN59AT0877	1	1928	No	2025-12-27T09:20:09.197Z
27/12/2025	TN59AT0877	1	1697	No	2025-12-27T09:20:09.794Z
27/12/2025	TN59AT0877	1	1792	No	2025-12-27T09:20:10.418Z
27/12/2025	TN59AT0877	1	1930	No	2025-12-27T09:20:11.032Z
27/12/2025	TN59AT0877	1	1958	No	2025-12-27T09:20:11.647Z
27/12/2025	TN59AT0877	1	1854	No	2025-12-27T09:20:11.972Z
27/12/2025	TN59AT0877	1	1912	No	2025-12-27T09:20:12.270Z
27/12/2025	TN59AT0877	1	1843	No	2025-12-27T09:20:13.489Z
27/12/2025	TN59AT0877	1	1956	No	2025-12-27T09:20:13.813Z
27/12/2025	TN59AT0877	1	1848	No	2025-12-27T09:20:14.110Z
27/12/2025	TN59AT0877	1	1747	No	2025-12-27T09:20:14.646Z
27/12/2025	TN59AT0877	1	1839	No	2025-12-27T09:20:15.025Z
27/12/2025	TN59AT0877	1	1929	No	2025-12-27T09:20:15.639Z
27/12/2025	TN59AT0877	1	1847	No	2025-12-27T09:20:15.963Z
27/12/2025	TN59AT0877	1	1911	No	2025-12-27T09:20:16.260Z
27/12/2025	TN59AT0877	1	1930	No	2025-12-27T09:20:16.562Z
27/12/2025	TN59AT0877	1	1729	No	2025-12-27T09:20:16.870Z
27/12/2025	TN59AT0877	1	1917	No	2025-12-27T09:20:17.171Z
27/12/2025	TN59AT0877	1	1860	No	2025-12-27T09:20:17.484Z
27/12/2025	TN59AT0877	1	1717	No	2025-12-27T09:20:17.866Z
27/12/2025	TN59AT0877	1	1922	No	2025-12-27T09:20:18.259Z
27/12/2025	TN59AT0877	1	1845	No	2025-12-27T09:20:18.573Z
27/12/2025	TN59AT0877	1	1849	No	2025-12-27T09:20:18.999Z
27/12/2025	TN59AT0877	1	1746	No	2025-12-27T09:20:19.411Z
27/12/2025	TN59AT0877	1	1905	No	2025-12-27T09:20:19.941Z
27/12/2025	TN59AT0877	1	1868	No	2025-12-27T09:20:20.556Z
27/12/2025	TN59AT0877	1	1914	No	2025-12-27T09:20:21.477Z
27/12/2025	TN59AT0877	1	1841	No	2025-12-27T09:20:22.091Z
27/12/2025	TN59AT0877	1	1903	No	2025-12-27T09:20:22.706Z
27/12/2025	TN59AT0877	1	1863	No	2025-12-27T09:20:23.320Z
27/12/2025	TN59AT0877	1	1856	No	2025-12-27T09:20:23.810Z
27/12/2025	TN59AT0877	1	1685	No	2025-12-27T09:20:24.112Z
27/12/2025	TN59AT0877	1	1923	No	2025-12-27T09:20:24.423Z
27/12/2025	TN59AT0877	1	1925	No	2025-12-27T09:20:24.721Z
27/12/2025	TN59AT0877	1	1723	No	2025-12-27T09:20:25.023Z
27/12/2025	TN59AT0877	1	1726	No	2025-12-27T09:20:25.470Z
27/12/2025	TN59AT0877	1	1920	No	2025-12-27T09:20:25.780Z
27/12/2025	TN59AT0877	1	1857	No	2025-12-27T09:20:26.392Z
27/12/2025	TN59AT0877	1	1709	No	2025-12-27T09:20:26.854Z
27/12/2025	TN59AT0877	1	1913	No	2025-12-27T09:20:27.314Z
27/12/2025	TN59AT0877	1	1861	No	2025-12-27T09:20:27.628Z
27/12/2025	TN22BD0957	1	1861	No	2025-12-27T09:20:28.852Z
27/12/2025	TN22BD0957	1	1359	No	2025-12-27T09:20:29.149Z
27/12/2025	TN22BD0957	1	1909	No	2025-12-27T09:20:29.446Z
27/12/2025	TN22BD0957	1	1231	No	2025-12-27T09:20:29.753Z
27/12/2025	TN22BD0957	1	1163	No	2025-12-27T09:20:30.079Z
27/12/2025	TN22BD0957	1	1108	No	2025-12-27T09:20:30.383Z
27/12/2025	TN22BD0957	1	1164	No	2025-12-27T09:20:30.688Z
27/12/2025	TN22BD0957	1	1409	No	2025-12-27T09:20:31.000Z
27/12/2025	TN22BD0957	1	885	No	2025-12-27T09:20:31.300Z
27/12/2025	TN22BD0957	1	1367	No	2025-12-27T09:20:31.615Z
27/12/2025	TN22BD0957	1	1165	No	2025-12-27T09:20:31.922Z
27/12/2025	TN22BD0957	1	1200	No	2025-12-27T09:20:32.236Z
27/12/2025	TN22BD0957	1	1084	No	2025-12-27T09:20:32.843Z
27/12/2025	TN22BD0957	1	1390	No	2025-12-27T09:20:33.158Z
27/12/2025	TN22BD0957	1	1807	No	2025-12-27T09:20:33.453Z
27/12/2025	TN22BD0957	1	1195	No	2025-12-27T09:20:33.806Z
27/12/2025	TN22BD0957	1	2044	No	2025-12-27T09:20:34.146Z
27/12/2025	TN22BD0957	1	1092	No	2025-12-27T09:20:34.466Z
27/12/2025	TN22BD0957	1	910	No	2025-12-27T09:20:34.759Z
27/12/2025	TN22BD0957	1	1196	No	2025-12-27T09:20:35.060Z
27/12/2025	TN22BD0957	1	1168	No	2025-12-27T09:20:35.446Z
27/12/2025	TN22BD0957	1	1171	No	2025-12-27T09:20:35.747Z
27/12/2025	TN22BD0957	1	1109	No	2025-12-27T09:20:36.223Z
27/12/2025	TN22BD0957	1	1175	No	2025-12-27T09:20:36.523Z
27/12/2025	TN22BD0957	1	1813	No	2025-12-27T09:20:36.837Z
27/12/2025	TN22BD0957	1	1875	No	2025-12-27T09:20:37.452Z
27/12/2025	TN22BD0957	1	1107	No	2025-12-27T09:20:38.066Z
27/12/2025	TN22BD0957	1	1201	No	2025-12-27T09:20:38.681Z
27/12/2025	TN22BD0957	1	918	No	2025-12-27T09:20:38.986Z
27/12/2025	TN22BD0957	1	1940	No	2025-12-27T09:20:39.288Z
27/12/2025	TN22BD0957	1	1338	No	2025-12-27T09:20:40.236Z
27/12/2025	TN22BD0957	1	1167	No	2025-12-27T09:20:40.530Z
27/12/2025	TN22BD0957	1	1809	No	2025-12-27T09:20:40.837Z
27/12/2025	TN22BD0957	1	1953	No	2025-12-27T09:20:41.444Z
27/12/2025	TN22BD0957	1	1106	No	2025-12-27T09:20:41.897Z
27/12/2025	TN22BD0957	1	1235	No	2025-12-27T09:20:42.196Z
27/12/2025	TN22BD0957	1	1237	No	2025-12-27T09:20:42.494Z
27/12/2025	TN22BD0957	1	1401	No	2025-12-27T09:20:42.981Z
27/12/2025	TN22BD0957	1	1160	No	2025-12-27T09:20:43.595Z
27/12/2025	TN22BD0957	1	1199	No	2025-12-27T09:20:44.517Z
27/12/2025	TN22BD0957	1	1172	No	2025-12-27T09:20:44.838Z
27/12/2025	TN22BD0957	1	1395	No	2025-12-27T09:20:45.439Z
27/12/2025	TN22BD0957	1	1951	No	2025-12-27T09:20:46.054Z
27/12/2025	TN22BD0957	1	1233	No	2025-12-27T09:20:46.367Z
27/12/2025	TN22BD0957	1	1238	No	2025-12-27T09:20:46.889Z
27/12/2025	TN22BD0957	1	1341	No	2025-12-27T09:20:47.215Z
27/12/2025	TN22BD0957	1	909	No	2025-12-27T09:20:47.589Z
27/12/2025	TN22BD0957	1	1197	No	2025-12-27T09:20:47.913Z
27/12/2025	TN22BD0957	1	1997	No	2025-12-27T09:20:48.321Z
27/12/2025	TN22BD0957	1	1812	No	2025-12-27T09:20:48.818Z
27/12/2025	TN22BD0957	1	1339	No	2025-12-27T09:20:49.157Z
27/12/2025	TN22BD0957	1	1229	No	2025-12-27T09:20:49.453Z
27/12/2025	TN22BD0957	1	1998	No	2025-12-27T09:20:50.048Z
27/12/2025	TN22BD0957	1	1934	No	2025-12-27T09:20:50.661Z
27/12/2025	TN22BD0957	1	1166	No	2025-12-27T09:20:51.275Z
27/12/2025	TN22BD0957	1	1335	No	2025-12-27T09:20:51.890Z
27/12/2025	TN22BD0957	1	1810	No	2025-12-27T09:20:52.504Z
27/12/2025	TN22BD0957	1	1169	No	2025-12-27T09:20:53.083Z
27/12/2025	TN22BD0957	1	1337	No	2025-12-27T09:20:53.419Z
27/12/2025	TN22BD0957	1	1216	No	2025-12-27T09:20:53.731Z
27/12/2025	TN22BD0957	1	1236	No	2025-12-27T09:20:54.040Z
27/12/2025	TN22BD0957	1	1832	No	2025-12-27T09:20:54.347Z
27/12/2025	TN22BD0957	1	1226	No	2025-12-27T09:20:54.655Z
27/12/2025	TN22BD0957	1	1203	No	2025-12-27T09:20:54.992Z
27/12/2025	TN22BD0957	1	1814	No	2025-12-27T09:20:55.576Z
27/12/2025	TN22BD0957	1	1889	No	2025-12-27T09:20:55.886Z
27/12/2025	TN22BD0957	1	1225	No	2025-12-27T09:20:56.497Z
27/12/2025	TN22BD0957	1	1410	No	2025-12-27T09:20:56.933Z
27/12/2025	TN22BD0957	1	1228	No	2025-12-27T09:20:57.419Z
27/12/2025	TN22BD0957	1	1340	No	2025-12-27T09:20:58.033Z
27/12/2025	TN22BD0957	1	1227	No	2025-12-27T09:20:58.373Z
27/12/2025	TN22BD0957	1	1198	No	2025-12-27T09:20:58.837Z
27/12/2025	TN22BD0957	1	1091	No	2025-12-27T09:20:59.148Z
27/12/2025	TN22BD0957	1	1087	No	2025-12-27T09:20:59.844Z
27/12/2025	TN22BD0957	1	1162	No	2025-12-27T09:21:00.137Z
27/12/2025	TN22BD0957	1	1085	No	2025-12-27T09:21:00.437Z
27/12/2025	TN22BD0957	1	1334	No	2025-12-27T09:21:01.106Z
27/12/2025	TN22BD0957	1	1907	No	2025-12-27T09:21:01.443Z
27/12/2025	TN22BD0957	1	1952	No	2025-12-27T09:21:01.925Z
27/12/2025	TN22BD0957	1	1368	No	2025-12-27T09:21:02.271Z
27/12/2025	TN22BD0957	1	1202	No	2025-12-27T09:21:02.949Z
27/12/2025	TN22BD0957	1	1336	No	2025-12-27T09:21:03.270Z
27/12/2025	TN22BD0957	1	1082	No	2025-12-27T09:21:03.871Z
27/12/2025	TN22BD0957	1	1806	No	2025-12-27T09:21:04.175Z
27/12/2025	TN22BD0957	1	1088	No	2025-12-27T09:21:04.487Z
27/12/2025	TN22BD0957	1	1805	No	2025-12-27T09:21:05.099Z
27/12/2025	TN59AT0877	2	1741	No	2025-12-27T09:35:27.974Z
27/12/2025	TN59AT0877	2	2170	No	2025-12-27T09:35:28.598Z
27/12/2025	TN59AT0877	2	1742	No	2025-12-27T09:35:28.901Z
27/12/2025	TN59AT0877	2	2166	No	2025-12-27T09:35:29.208Z
27/12/2025	TN59AT0877	2	2151	No	2025-12-27T09:35:29.513Z
27/12/2025	TN59AT0877	2	2187	No	2025-12-27T09:35:29.817Z
27/12/2025	TN59AT0877	2	2286	No	2025-12-27T09:35:30.184Z
27/12/2025	TN59AT0877	2	1965	No	2025-12-27T09:35:30.797Z
27/12/2025	TN59AT0877	2	2188	No	2025-12-27T09:35:31.121Z
27/12/2025	TN59AT0877	2	2152	No	2025-12-27T09:35:31.426Z
27/12/2025	TN59AT0877	2	1966	No	2025-12-27T09:35:31.776Z
27/12/2025	TN59AT0877	2	2130	No	2025-12-27T09:35:32.086Z
27/12/2025	TN59AT0877	2	2164	No	2025-12-27T09:35:32.640Z
27/12/2025	TN59AT0877	2	2190	No	2025-12-27T09:35:32.967Z
27/12/2025	TN59AT0877	2	2153	No	2025-12-27T09:35:33.562Z
27/12/2025	TN59AT0877	2	1950	No	2025-12-27T09:35:33.867Z
27/12/2025	TN59AT0877	2	2189	No	2025-12-27T09:35:34.196Z
27/12/2025	TN59AT0877	2	1798	No	2025-12-27T09:35:34.499Z
27/12/2025	TN59AT0877	2	2035	No	2025-12-27T09:35:34.804Z
27/12/2025	TN59AT0877	2	2163	No	2025-12-27T09:35:35.114Z
27/12/2025	TN59AT0877	2	2128	No	2025-12-27T09:35:35.424Z
27/12/2025	TN59AT0877	2	2034	No	2025-12-27T09:42:27.497Z
27/12/2025	TN59AT0877	2	2191	No	2025-12-27T09:42:36.394Z
27/12/2025	TN59AT0877	2	2042	No	2025-12-27T09:42:50.837Z
27/12/2025	TN59AT0877	2	2041	No	2025-12-27T09:43:04.332Z
27/12/2025	TN59AT0877	2	2131	No	2025-12-27T09:43:22.334Z
27/12/2025	TN59AT0877	2	2171	No	2025-12-27T09:43:37.333Z
27/12/2025	TN59AT0877	2	2172	No	2025-12-27T09:43:57.868Z